
==============================================
  HACKHUB LOG FILE
  Started: 04/09/2026, 12:16:11
  Version: 1.1.2
  Platform: win32
  Arch: x64
==============================================


==============================================
[04/09/2026, 12:16:11] [INFO]
----------------------------------------------
Steamworks initalized: Zeis [ZF] - 76561197976480835
==============================================

==============================================
[04/09/2026, 12:16:11] [INFO]
----------------------------------------------
[WorkshopController] initialized with appId: 2980270
==============================================

==============================================
[04/09/2026, 12:16:12] [INFO]
----------------------------------------------
[RENDERER] [Markdown Note Editor] Mod loaded.
==============================================

==============================================
[04/09/2026, 12:16:12] [INFO]
----------------------------------------------
[RENDERER] [quest-editor] The Ledger Contract19 v19.0.0 loaded (editor build 2026-09-04.r62).
==============================================

==============================================
[04/09/2026, 12:16:12] [INFO]
----------------------------------------------
[RENDERER] [nemesis-protocol-stage1] Nemesis Protocol loaded. The mission is waiting in the HackHub feed.
==============================================

==============================================
[04/09/2026, 12:16:12] [INFO]
----------------------------------------------
[RENDERER] Custom Browser mod loaded with ordered categories!
==============================================

==============================================
[04/09/2026, 12:16:12] [INFO]
----------------------------------------------
[RENDERER] RetroArcade v1.0.0 loaded!
==============================================

==============================================
[04/09/2026, 12:16:12] [INFO]
----------------------------------------------
[RENDERER] [darknet-tree] Darknet-Tree loaded! Check the App Store for NotePad.
==============================================

==============================================
[04/09/2026, 12:16:12] [INFO]
----------------------------------------------
[RENDERER] [synthetik-wallet] Synthetik Wallet loaded! Find it in the App Store.
==============================================

==============================================
[04/09/2026, 12:16:12] [INFO]
----------------------------------------------
[RENDERER] [GhostLink] v1.0.2 loaded
==============================================

==============================================
[04/09/2026, 12:16:12] [INFO]
----------------------------------------------
[RENDERER] [python-is-python3] Mod loaded! Run: apt-get install python-is-python3
==============================================

==============================================
[04/09/2026, 12:16:12] [INFO]
----------------------------------------------
[RENDERER] Lockchain Wallet mod loaded: websites, phone wallet, marketplace, miner, and isolated RPC registered.
==============================================

==============================================
[04/09/2026, 12:16:12] [INFO]
----------------------------------------------
[RENDERER] [Fishception] biological daemon loaded
==============================================

==============================================
[04/09/2026, 12:16:12] [INFO]
----------------------------------------------
[RENDERER] [Beginner Handbook+] Registered 109 handbook pages without title prefixes. Language: en.
==============================================

==============================================
[04/09/2026, 12:16:12] [INFO]
----------------------------------------------
[RENDERER] [vault-manager] Vault Manager loaded — password vault & sticky notes ready.
==============================================

==============================================
[04/09/2026, 12:16:13] [ERROR]
----------------------------------------------
(node:29672) [DEP0169] DeprecationWarning: `url.parse()` behavior is not standardized and prone to errors that have security implications. Use the WHATWG URL API instead. CVEs are not issued for `url.parse()` vulnerabilities.
(Use `Hackhub --trace-deprecation ...` to show where the warning was created)
==============================================

==============================================
[04/09/2026, 12:16:26] [WARN]
----------------------------------------------
[RENDERER] [CompleteObjective] Objective "open_email" already completed (in-memory) for quest pFjtJ795zG
==============================================

==============================================
[04/09/2026, 12:16:26] [WARN]
----------------------------------------------
[RENDERER] [CompleteObjective] Objective "open_bank" already completed (in-memory) for quest pFjtJ795zG
==============================================

==============================================
[04/09/2026, 12:16:26] [INFO]
----------------------------------------------
[RENDERER] [quest-editor] quest "TheLedgerContract19" started (1 entry point)
==============================================

==============================================
[04/09/2026, 12:16:26] [INFO]
----------------------------------------------
[RENDERER] [quest-editor] mail "One file, one man, no trace" sent via Mail.send
==============================================

==============================================
[04/09/2026, 12:16:26] [INFO]
----------------------------------------------
[RENDERER] [quest-editor] reached "Out-CreateNetwork-MeridianEdge" | event: (none - not reached from a trigger) | saved: { no fields }
==============================================

==============================================
[04/09/2026, 12:16:26] [INFO]
----------------------------------------------
[RENDERER] [quest-editor] quest "TheLedgerContract19" objectives started
==============================================

==============================================
[04/09/2026, 12:16:26] [INFO]
----------------------------------------------
[RENDERER] [quest-editor] objective "read-brief" is listening for Mail.Read
==============================================

==============================================
[04/09/2026, 12:16:26] [INFO]
----------------------------------------------
[RENDERER] [quest-editor] objective "identify-target" is listening for Terminal.Lynx.Search
==============================================

==============================================
[04/09/2026, 12:16:26] [INFO]
----------------------------------------------
[RENDERER] [quest-editor] objective "find-server" is listening for Terminal.Whois
==============================================

==============================================
[04/09/2026, 12:16:26] [INFO]
----------------------------------------------
[RENDERER] [quest-editor] objective "scan-server" is listening for Terminal.NmapScan
==============================================

==============================================
[04/09/2026, 12:16:26] [INFO]
----------------------------------------------
[RENDERER] [quest-editor] objective "get-a-shell" is listening for Metasploit.Meterpreter.Connected
==============================================

==============================================
[04/09/2026, 12:16:26] [INFO]
----------------------------------------------
[RENDERER] [quest-editor] objective "delete-ledger" is listening for Files.Deleted
==============================================

==============================================
[04/09/2026, 12:16:26] [INFO]
----------------------------------------------
[RENDERER] [quest-editor] objective "report-back" is listening for QE.reply.sent
==============================================

==============================================
[04/09/2026, 12:17:34] [INFO]
----------------------------------------------
[RENDERER] [quest-editor] objective "read-brief" completed by Mail.Read
==============================================

==============================================
[04/09/2026, 12:17:40] [INFO]
----------------------------------------------
[RENDERER] [quest-editor] objective "identify-target" completed by Terminal.Lynx.Search
==============================================

==============================================
[04/09/2026, 12:17:40] [WARN]
----------------------------------------------
[RENDERER] [CompleteObjective] Objective "identify-target" already completed (in-memory) for quest QXEfAycFgj
==============================================

==============================================
[04/09/2026, 12:18:02] [WARN]
----------------------------------------------
[Network] POST https://gateway.hotbunny.dev/hackhub/stats/increase failed after 825ms: ECONNRESET Client network socket disconnected before secure TLS connection was established
==============================================

==============================================
[04/09/2026, 12:18:05] [INFO]
----------------------------------------------
[RENDERER] [quest-editor] objective "find-server" completed by Terminal.Whois
==============================================

==============================================
[04/09/2026, 12:18:05] [INFO]
----------------------------------------------
[RENDERER] [quest-editor] reached "OnComplete-Objective-FindServer" | event: { domain="meridian-capital.net", whois={object} } | saved: { no fields }
==============================================

==============================================
[04/09/2026, 12:18:05] [WARN]
----------------------------------------------
[RENDERER] [CompleteObjective] Objective "find-server" already completed (in-memory) for quest QXEfAycFgj
==============================================

==============================================
[04/09/2026, 12:18:28] [INFO]
----------------------------------------------
[RENDERER] [quest-editor] objective "scan-server" completed by Terminal.NmapScan
==============================================

==============================================
[04/09/2026, 12:18:28] [INFO]
----------------------------------------------
[RENDERER] [quest-editor] reached "OnComplete-Objective-ScanServer" | event: { ip="45.33.32.156", versionScan="true" } | saved: { no fields }
==============================================

==============================================
[04/09/2026, 12:18:28] [WARN]
----------------------------------------------
[RENDERER] [CompleteObjective] Objective "scan-server" already completed (in-memory) for quest QXEfAycFgj
==============================================

==============================================
[04/09/2026, 12:18:30] [WARN]
----------------------------------------------
[Network] POST https://gateway.hotbunny.dev/hackhub/stats/increase failed after 1635ms: ECONNRESET Client network socket disconnected before secure TLS connection was established
==============================================

==============================================
[04/09/2026, 12:18:39] [WARN]
----------------------------------------------
[Network] POST https://gateway.hotbunny.dev/hackhub/stats/increase failed after 2109ms: ECONNRESET Client network socket disconnected before secure TLS connection was established
==============================================

==============================================
[04/09/2026, 12:19:42] [WARN]
----------------------------------------------
[RENDERER] [CompleteObjective] Objective "scan-server" already completed (in-memory) for quest QXEfAycFgj
==============================================

==============================================
[04/09/2026, 12:20:14] [ERROR]
----------------------------------------------
[RENDERER] Sys log file not found for 10.0.0.12
==============================================

==============================================
  APPLICATION CLOSING
  Time: 04/09/2026, 12:27:14
==============================================

==============================================
  APPLICATION CLOSING
  Time: 04/09/2026, 12:27:14
==============================================

==============================================
  HACKHUB LOG FILE
  Started: 04/09/2026, 12:49:49
  Version: 1.1.2
  Platform: win32
  Arch: x64
==============================================


==============================================
[04/09/2026, 12:49:49] [INFO]
----------------------------------------------
Steamworks initalized: Zeis [ZF] - 76561197976480835
==============================================

==============================================
[04/09/2026, 12:49:49] [INFO]
----------------------------------------------
[WorkshopController] initialized with appId: 2980270
==============================================

==============================================
[04/09/2026, 12:49:50] [INFO]
----------------------------------------------
[RENDERER] [Markdown Note Editor] Mod loaded.
==============================================

==============================================
[04/09/2026, 12:49:50] [INFO]
----------------------------------------------
[RENDERER] [quest-editor] The Ledger Contract19 v19.0.0 loaded (editor build 2026-09-04.r62).
==============================================

==============================================
[04/09/2026, 12:49:50] [INFO]
----------------------------------------------
[RENDERER] [nemesis-protocol-stage1] Nemesis Protocol loaded. The mission is waiting in the HackHub feed.
==============================================

==============================================
[04/09/2026, 12:49:50] [INFO]
----------------------------------------------
[RENDERER] Custom Browser mod loaded with ordered categories!
==============================================

==============================================
[04/09/2026, 12:49:50] [INFO]
----------------------------------------------
[RENDERER] RetroArcade v1.0.0 loaded!
==============================================

==============================================
[04/09/2026, 12:49:50] [INFO]
----------------------------------------------
[RENDERER] [darknet-tree] Darknet-Tree loaded! Check the App Store for NotePad.
==============================================

==============================================
[04/09/2026, 12:49:50] [INFO]
----------------------------------------------
[RENDERER] [synthetik-wallet] Synthetik Wallet loaded! Find it in the App Store.
==============================================

==============================================
[04/09/2026, 12:49:50] [INFO]
----------------------------------------------
[RENDERER] [GhostLink] v1.0.2 loaded
==============================================

==============================================
[04/09/2026, 12:49:50] [INFO]
----------------------------------------------
[RENDERER] [python-is-python3] Mod loaded! Run: apt-get install python-is-python3
==============================================

==============================================
[04/09/2026, 12:49:50] [INFO]
----------------------------------------------
[RENDERER] Lockchain Wallet mod loaded: websites, phone wallet, marketplace, miner, and isolated RPC registered.
==============================================

==============================================
[04/09/2026, 12:49:50] [INFO]
----------------------------------------------
[RENDERER] [Fishception] biological daemon loaded
==============================================

==============================================
[04/09/2026, 12:49:50] [INFO]
----------------------------------------------
[RENDERER] [Beginner Handbook+] Registered 109 handbook pages without title prefixes. Language: en.
==============================================

==============================================
[04/09/2026, 12:49:50] [INFO]
----------------------------------------------
[RENDERER] [vault-manager] Vault Manager loaded — password vault & sticky notes ready.
==============================================

==============================================
[04/09/2026, 12:49:51] [ERROR]
----------------------------------------------
(node:27708) [DEP0169] DeprecationWarning: `url.parse()` behavior is not standardized and prone to errors that have security implications. Use the WHATWG URL API instead. CVEs are not issued for `url.parse()` vulnerabilities.
(Use `Hackhub --trace-deprecation ...` to show where the warning was created)
==============================================

==============================================
[04/09/2026, 12:49:52] [WARN]
----------------------------------------------
[Network] GET https://gateway.hotbunny.dev/hackhub/multiplayer/status failed after 1099ms: ECONNRESET Client network socket disconnected before secure TLS connection was established
==============================================

==============================================
[04/09/2026, 12:49:52] [WARN]
----------------------------------------------
[Network] POST https://gateway.hotbunny.dev/hackhub/auth/steam/challenge failed after 1100ms: ECONNRESET Client network socket disconnected before secure TLS connection was established
==============================================

==============================================
[04/09/2026, 12:49:52] [WARN]
----------------------------------------------
[RENDERER] [NetworkHealth] backend unreachable (status: none, code: ECONNRESET, timedOut: false)
==============================================

==============================================
[04/09/2026, 12:49:53] [WARN]
----------------------------------------------
[Network] POST https://gateway.hotbunny.dev/hackhub/auth/steam/challenge failed after 805ms: ECONNRESET Client network socket disconnected before secure TLS connection was established
==============================================

==============================================
[04/09/2026, 12:49:55] [WARN]
----------------------------------------------
[Network] POST https://gateway.hotbunny.dev/hackhub/auth/steam/challenge failed after 1901ms: ERR_BAD_REQUEST Request failed with status code 429
==============================================

==============================================
[04/09/2026, 12:49:56] [WARN]
----------------------------------------------
[Network] GET https://gateway.hotbunny.dev/hackhub/stats failed after 805ms: ECONNRESET Client network socket disconnected before secure TLS connection was established
==============================================

==============================================
[04/09/2026, 12:49:56] [WARN]
----------------------------------------------
[Network] GET https://gateway.hotbunny.dev/hackhub/polls failed after 804ms: ECONNRESET Client network socket disconnected before secure TLS connection was established
==============================================

==============================================
[04/09/2026, 12:49:56] [WARN]
----------------------------------------------
[Network] GET https://gateway.hotbunny.dev/hackhub/pages failed after 805ms: ECONNRESET Client network socket disconnected before secure TLS connection was established
==============================================

==============================================
[04/09/2026, 12:49:56] [WARN]
----------------------------------------------
[Network] GET https://gateway.hotbunny.dev/hackhub/actions failed after 804ms: ECONNRESET Client network socket disconnected before secure TLS connection was established
==============================================

==============================================
[04/09/2026, 12:49:56] [WARN]
----------------------------------------------
[Network] GET https://gateway.hotbunny.dev/hackhub/featured-mods failed after 804ms: ECONNRESET Client network socket disconnected before secure TLS connection was established
==============================================

==============================================
[04/09/2026, 12:49:56] [WARN]
----------------------------------------------
[Network] GET https://gateway.hotbunny.dev/hackhub/dlc-store/config failed after 804ms: ECONNRESET Client network socket disconnected before secure TLS connection was established
==============================================

==============================================
[04/09/2026, 12:49:56] [WARN]
----------------------------------------------
[Network] POST https://gateway.hotbunny.dev/hackhub/auth/steam/challenge failed after 542ms: ERR_BAD_REQUEST Request failed with status code 429
==============================================

==============================================
[04/09/2026, 12:49:57] [WARN]
----------------------------------------------
[Network] POST https://gateway.hotbunny.dev/hackhub/auth/steam/challenge failed after 550ms: ERR_BAD_REQUEST Request failed with status code 429
==============================================

==============================================
[04/09/2026, 12:49:58] [WARN]
----------------------------------------------
[Network] GET https://gateway.hotbunny.dev/hackhub/player-notifications?limit=50 failed after 860ms: ECONNRESET Client network socket disconnected before secure TLS connection was established
==============================================

==============================================
[04/09/2026, 12:49:58] [WARN]
----------------------------------------------
[Network] GET https://gateway.hotbunny.dev/hackhub/player-notifications?limit=50 failed after 860ms: ECONNRESET Client network socket disconnected before secure TLS connection was established
==============================================

==============================================
[04/09/2026, 12:49:58] [WARN]
----------------------------------------------
[Network] POST https://gateway.hotbunny.dev/hackhub/auth/steam/challenge failed after 545ms: ERR_BAD_REQUEST Request failed with status code 429
==============================================

==============================================
[04/09/2026, 12:49:58] [WARN]
----------------------------------------------
[Network] GET https://gateway.hotbunny.dev/hackhub/announcements?limit=10 failed after 554ms: ERR_BAD_REQUEST Request failed with status code 401
==============================================

==============================================
[04/09/2026, 12:49:59] [WARN]
----------------------------------------------
[RENDERER] [CompleteObjective] Objective "open_email" already completed (in-memory) for quest pFjtJ795zG
==============================================

==============================================
[04/09/2026, 12:49:59] [WARN]
----------------------------------------------
[RENDERER] [CompleteObjective] Objective "open_bank" already completed (in-memory) for quest pFjtJ795zG
==============================================

==============================================
[04/09/2026, 12:49:59] [INFO]
----------------------------------------------
[RENDERER] [quest-editor] quest "TheLedgerContract19" objectives started
==============================================

==============================================
[04/09/2026, 12:49:59] [INFO]
----------------------------------------------
[RENDERER] [quest-editor] objective "read-brief" is listening for Mail.Read
==============================================

==============================================
[04/09/2026, 12:49:59] [INFO]
----------------------------------------------
[RENDERER] [quest-editor] objective "identify-target" is listening for Terminal.Lynx.Search
==============================================

==============================================
[04/09/2026, 12:49:59] [INFO]
----------------------------------------------
[RENDERER] [quest-editor] objective "find-server" is listening for Terminal.Whois
==============================================

==============================================
[04/09/2026, 12:49:59] [INFO]
----------------------------------------------
[RENDERER] [quest-editor] objective "scan-server" is listening for Terminal.NmapScan
==============================================

==============================================
[04/09/2026, 12:49:59] [INFO]
----------------------------------------------
[RENDERER] [quest-editor] objective "get-a-shell" is listening for Metasploit.Meterpreter.Connected
==============================================

==============================================
[04/09/2026, 12:49:59] [INFO]
----------------------------------------------
[RENDERER] [quest-editor] objective "delete-ledger" is listening for Files.Deleted
==============================================

==============================================
[04/09/2026, 12:49:59] [INFO]
----------------------------------------------
[RENDERER] [quest-editor] objective "report-back" is listening for QE.reply.sent
==============================================

==============================================
  APPLICATION CLOSING
  Time: 04/09/2026, 12:59:00
==============================================

==============================================
  HACKHUB LOG FILE
  Started: 04/09/2026, 14:00:36
  Version: 1.1.2
  Platform: win32
  Arch: x64
==============================================


==============================================
[04/09/2026, 14:00:36] [INFO]
----------------------------------------------
Steamworks initalized: Zeis [ZF] - 76561197976480835
==============================================

==============================================
[04/09/2026, 14:00:36] [INFO]
----------------------------------------------
[WorkshopController] initialized with appId: 2980270
==============================================

==============================================
[04/09/2026, 14:00:37] [INFO]
----------------------------------------------
[RENDERER] [Markdown Note Editor] Mod loaded.
==============================================

==============================================
[04/09/2026, 14:00:37] [INFO]
----------------------------------------------
[RENDERER] [quest-editor] The Harbour Manifest1 v1.0.0 loaded (editor build 2026-09-04.r65).
==============================================

==============================================
[04/09/2026, 14:00:37] [INFO]
----------------------------------------------
[RENDERER] [nemesis-protocol-stage1] Nemesis Protocol loaded. The mission is waiting in the HackHub feed.
==============================================

==============================================
[04/09/2026, 14:00:37] [INFO]
----------------------------------------------
[RENDERER] Custom Browser mod loaded with ordered categories!
==============================================

==============================================
[04/09/2026, 14:00:37] [INFO]
----------------------------------------------
[RENDERER] RetroArcade v1.0.0 loaded!
==============================================

==============================================
[04/09/2026, 14:00:37] [INFO]
----------------------------------------------
[RENDERER] [darknet-tree] Darknet-Tree loaded! Check the App Store for NotePad.
==============================================

==============================================
[04/09/2026, 14:00:37] [INFO]
----------------------------------------------
[RENDERER] [synthetik-wallet] Synthetik Wallet loaded! Find it in the App Store.
==============================================

==============================================
[04/09/2026, 14:00:37] [INFO]
----------------------------------------------
[RENDERER] [GhostLink] v1.0.2 loaded
==============================================

==============================================
[04/09/2026, 14:00:37] [INFO]
----------------------------------------------
[RENDERER] [python-is-python3] Mod loaded! Run: apt-get install python-is-python3
==============================================

==============================================
[04/09/2026, 14:00:37] [INFO]
----------------------------------------------
[RENDERER] Lockchain Wallet mod loaded: websites, phone wallet, marketplace, miner, and isolated RPC registered.
==============================================

==============================================
[04/09/2026, 14:00:37] [INFO]
----------------------------------------------
[RENDERER] [Fishception] biological daemon loaded
==============================================

==============================================
[04/09/2026, 14:00:37] [INFO]
----------------------------------------------
[RENDERER] [Beginner Handbook+] Registered 109 handbook pages without title prefixes. Language: en.
==============================================

==============================================
[04/09/2026, 14:00:37] [INFO]
----------------------------------------------
[RENDERER] [vault-manager] Vault Manager loaded — password vault & sticky notes ready.
==============================================

==============================================
[04/09/2026, 14:00:38] [ERROR]
----------------------------------------------
(node:31736) [DEP0169] DeprecationWarning: `url.parse()` behavior is not standardized and prone to errors that have security implications. Use the WHATWG URL API instead. CVEs are not issued for `url.parse()` vulnerabilities.
(Use `Hackhub --trace-deprecation ...` to show where the warning was created)
==============================================

==============================================
[04/09/2026, 14:00:50] [WARN]
----------------------------------------------
[RENDERER] [PruneOrphanQuests] Dropping "TheLedgerContract19" (QXEfAycFgj): no installed content defines it.
==============================================

==============================================
[04/09/2026, 14:00:50] [WARN]
----------------------------------------------
[RENDERER] [CompleteObjective] Objective "open_email" already completed (in-memory) for quest pFjtJ795zG
==============================================

==============================================
[04/09/2026, 14:00:50] [WARN]
----------------------------------------------
[RENDERER] [CompleteObjective] Objective "open_bank" already completed (in-memory) for quest pFjtJ795zG
==============================================

==============================================
[04/09/2026, 14:00:50] [INFO]
----------------------------------------------
[RENDERER] [quest-editor] quest "TheHarbourManifest1" started (1 entry point)
==============================================

==============================================
[04/09/2026, 14:00:50] [INFO]
----------------------------------------------
[RENDERER] [quest-editor] mail "One file, quietly" sent via Mail.send
==============================================

==============================================
[04/09/2026, 14:00:50] [INFO]
----------------------------------------------
[RENDERER] [quest-editor] reached "Out-Dialogue-OneFileQuietly" | event: (none - not reached from a trigger) | saved: { no fields }
==============================================

==============================================
[04/09/2026, 14:00:50] [INFO]
----------------------------------------------
[RENDERER] [quest-editor] reached "Out-ToolResponse-Whois" | event: (none - not reached from a trigger) | saved: { no fields }
==============================================

==============================================
[04/09/2026, 14:00:50] [INFO]
----------------------------------------------
[RENDERER] [quest-editor] reached "Out-ToolResponse-Lynx" | event: (none - not reached from a trigger) | saved: { no fields }
==============================================

==============================================
[04/09/2026, 14:00:50] [INFO]
----------------------------------------------
[RENDERER] [quest-editor] reached "Out-CreateNetwork-HarbourlineEdge" | event: (none - not reached from a trigger) | saved: { no fields }
==============================================

==============================================
[04/09/2026, 14:00:50] [INFO]
----------------------------------------------
[RENDERER] [quest-editor] quest "TheHarbourManifest1" objectives started
==============================================

==============================================
[04/09/2026, 14:00:50] [INFO]
----------------------------------------------
[RENDERER] [quest-editor] objective "read-brief" is listening for Mail.Read
==============================================

==============================================
[04/09/2026, 14:00:50] [INFO]
----------------------------------------------
[RENDERER] [quest-editor] objective "identify-target" is listening for Terminal.Lynx.Search
==============================================

==============================================
[04/09/2026, 14:00:50] [INFO]
----------------------------------------------
[RENDERER] [quest-editor] objective "find-server" is listening for Terminal.Whois
==============================================

==============================================
[04/09/2026, 14:00:50] [INFO]
----------------------------------------------
[RENDERER] [quest-editor] objective "scan-server" is listening for Terminal.NmapScan
==============================================

==============================================
[04/09/2026, 14:00:50] [INFO]
----------------------------------------------
[RENDERER] [quest-editor] objective "get-in" is listening for Metasploit.Meterpreter.Connected
==============================================

==============================================
[04/09/2026, 14:00:50] [INFO]
----------------------------------------------
[RENDERER] [quest-editor] objective "take-manifest" is listening for Terminal.SSH.FileDownload
==============================================

==============================================
[04/09/2026, 14:00:50] [INFO]
----------------------------------------------
[RENDERER] [quest-editor] objective "send-manifest" is listening for Mail.Sent
==============================================

==============================================
[04/09/2026, 14:01:03] [INFO]
----------------------------------------------
[RENDERER] [quest-editor] objective "read-brief" completed by Mail.Read
==============================================

==============================================
[04/09/2026, 14:01:03] [INFO]
----------------------------------------------
[RENDERER] [quest-editor] reached "OnComplete-Objective-ReadBrief" | event: { id="byVEFQD00j", from="d.okonkwo@nullpost.io", to="bkelso@gomail.com", subject="One file, quietly", content="A shipping firm called Harbourline is running containers ...", sentAt="1788523250335", metadata=undefined } | saved: { no fields }
==============================================

==============================================
[04/09/2026, 14:01:38] [INFO]
----------------------------------------------
[RENDERER] [quest-editor] objective "identify-target" completed by Terminal.Lynx.Search
==============================================

==============================================
[04/09/2026, 14:01:38] [INFO]
----------------------------------------------
[RENDERER] [quest-editor] reached "OnComplete-Objective-IdentifyTarget" | event: "Yusuf Demir" | saved: { no fields }
==============================================

==============================================
[04/09/2026, 14:01:38] [WARN]
----------------------------------------------
[RENDERER] [CompleteObjective] Objective "identify-target" already completed (in-memory) for quest PoVAgp6lsC
==============================================

==============================================
[04/09/2026, 14:02:05] [INFO]
----------------------------------------------
[RENDERER] [quest-editor] objective "find-server" completed by Terminal.Whois
==============================================

==============================================
[04/09/2026, 14:02:05] [INFO]
----------------------------------------------
[RENDERER] [quest-editor] reached "OnComplete-Objective-FindServer" | event: { domain="harbourline-logistics.com", whois={object} } | saved: { no fields }
==============================================

==============================================
[04/09/2026, 14:02:05] [WARN]
----------------------------------------------
[RENDERER] [CompleteObjective] Objective "find-server" already completed (in-memory) for quest PoVAgp6lsC
==============================================

==============================================
[04/09/2026, 14:02:14] [INFO]
----------------------------------------------
[RENDERER] [quest-editor] objective "scan-server" completed by Terminal.NmapScan
==============================================

==============================================
[04/09/2026, 14:02:14] [INFO]
----------------------------------------------
[RENDERER] [quest-editor] reached "OnComplete-Objective-ScanServer" | event: { ip="203.0.113.47", versionScan="true" } | saved: { no fields }
==============================================

==============================================
[04/09/2026, 14:02:14] [WARN]
----------------------------------------------
[RENDERER] [CompleteObjective] Objective "scan-server" already completed (in-memory) for quest PoVAgp6lsC
==============================================

==============================================
  APPLICATION CLOSING
  Time: 04/09/2026, 14:06:39
==============================================

==============================================
  HACKHUB LOG FILE
  Started: 04/09/2026, 17:04:45
  Version: 1.1.2
  Platform: win32
  Arch: x64
==============================================


==============================================
[04/09/2026, 17:04:45] [INFO]
----------------------------------------------
Steamworks initalized: Zeis [ZF] - 76561197976480835
==============================================

==============================================
[04/09/2026, 17:04:45] [INFO]
----------------------------------------------
[WorkshopController] initialized with appId: 2980270
==============================================

==============================================
[04/09/2026, 17:04:47] [INFO]
----------------------------------------------
[RENDERER] [Markdown Note Editor] Mod loaded.
==============================================

==============================================
[04/09/2026, 17:04:47] [INFO]
----------------------------------------------
[RENDERER] [quest-editor] The Harbour Manifest2 v2.0.0 loaded (editor build 2026-09-04.r70).
==============================================

==============================================
[04/09/2026, 17:04:47] [INFO]
----------------------------------------------
[RENDERER] [nemesis-protocol-stage1] Nemesis Protocol loaded. The mission is waiting in the HackHub feed.
==============================================

==============================================
[04/09/2026, 17:04:47] [INFO]
----------------------------------------------
[RENDERER] Custom Browser mod loaded with ordered categories!
==============================================

==============================================
[04/09/2026, 17:04:47] [INFO]
----------------------------------------------
[RENDERER] RetroArcade v1.0.0 loaded!
==============================================

==============================================
[04/09/2026, 17:04:47] [INFO]
----------------------------------------------
[RENDERER] [darknet-tree] Darknet-Tree loaded! Check the App Store for NotePad.
==============================================

==============================================
[04/09/2026, 17:04:47] [INFO]
----------------------------------------------
[RENDERER] [synthetik-wallet] Synthetik Wallet loaded! Find it in the App Store.
==============================================

==============================================
[04/09/2026, 17:04:47] [INFO]
----------------------------------------------
[RENDERER] [GhostLink] v1.0.2 loaded
==============================================

==============================================
[04/09/2026, 17:04:47] [INFO]
----------------------------------------------
[RENDERER] [python-is-python3] Mod loaded! Run: apt-get install python-is-python3
==============================================

==============================================
[04/09/2026, 17:04:47] [INFO]
----------------------------------------------
[RENDERER] Lockchain Wallet mod loaded: websites, phone wallet, marketplace, miner, and isolated RPC registered.
==============================================

==============================================
[04/09/2026, 17:04:47] [INFO]
----------------------------------------------
[RENDERER] [Fishception] biological daemon loaded
==============================================

==============================================
[04/09/2026, 17:04:47] [INFO]
----------------------------------------------
[RENDERER] [Beginner Handbook+] Registered 109 handbook pages without title prefixes. Language: en.
==============================================

==============================================
[04/09/2026, 17:04:47] [INFO]
----------------------------------------------
[RENDERER] [vault-manager] Vault Manager loaded — password vault & sticky notes ready.
==============================================

==============================================
[04/09/2026, 17:04:47] [ERROR]
----------------------------------------------
(node:33756) [DEP0169] DeprecationWarning: `url.parse()` behavior is not standardized and prone to errors that have security implications. Use the WHATWG URL API instead. CVEs are not issued for `url.parse()` vulnerabilities.
(Use `Hackhub --trace-deprecation ...` to show where the warning was created)
==============================================

==============================================
[04/09/2026, 17:04:49] [WARN]
----------------------------------------------
[Network] POST https://gateway.hotbunny.dev/hackhub/auth/steam/challenge failed after 1623ms: ERR_BAD_REQUEST Request failed with status code 429
==============================================

==============================================
[04/09/2026, 17:04:50] [WARN]
----------------------------------------------
[Network] POST https://gateway.hotbunny.dev/hackhub/auth/steam/challenge failed after 535ms: ERR_BAD_REQUEST Request failed with status code 429
==============================================

==============================================
[04/09/2026, 17:04:51] [WARN]
----------------------------------------------
[Network] POST https://gateway.hotbunny.dev/hackhub/auth/steam/challenge failed after 533ms: ERR_BAD_REQUEST Request failed with status code 429
==============================================

==============================================
[04/09/2026, 17:04:52] [WARN]
----------------------------------------------
[Network] POST https://gateway.hotbunny.dev/hackhub/auth/steam/challenge failed after 541ms: ERR_BAD_REQUEST Request failed with status code 429
==============================================

==============================================
[04/09/2026, 17:04:53] [WARN]
----------------------------------------------
[Network] POST https://gateway.hotbunny.dev/hackhub/auth/steam/challenge failed after 528ms: ERR_BAD_REQUEST Request failed with status code 429
==============================================

==============================================
[04/09/2026, 17:04:54] [WARN]
----------------------------------------------
[Network] POST https://gateway.hotbunny.dev/hackhub/auth/steam/challenge failed after 515ms: ERR_BAD_REQUEST Request failed with status code 429
==============================================

==============================================
[04/09/2026, 17:04:54] [WARN]
----------------------------------------------
[Network] GET https://gateway.hotbunny.dev/hackhub/announcements?limit=10 failed after 525ms: ERR_BAD_REQUEST Request failed with status code 401
==============================================

==============================================
[04/09/2026, 17:04:54] [WARN]
----------------------------------------------
[Network] GET https://gateway.hotbunny.dev/hackhub/stats failed after 526ms: ERR_BAD_REQUEST Request failed with status code 401
==============================================

==============================================
[04/09/2026, 17:04:54] [WARN]
----------------------------------------------
[Network] GET https://gateway.hotbunny.dev/hackhub/actions failed after 1319ms: ERR_BAD_REQUEST Request failed with status code 401
==============================================

==============================================
[04/09/2026, 17:04:54] [WARN]
----------------------------------------------
[Network] GET https://gateway.hotbunny.dev/hackhub/featured-mods failed after 1327ms: ERR_BAD_REQUEST Request failed with status code 401
==============================================

==============================================
[04/09/2026, 17:04:54] [WARN]
----------------------------------------------
[Network] GET https://gateway.hotbunny.dev/hackhub/dlc-store/config failed after 1335ms: ERR_BAD_REQUEST Request failed with status code 401
==============================================

==============================================
[04/09/2026, 17:04:54] [WARN]
----------------------------------------------
[Network] GET https://gateway.hotbunny.dev/hackhub/pages failed after 1779ms: ERR_BAD_REQUEST Request failed with status code 401
==============================================

==============================================
[04/09/2026, 17:04:54] [WARN]
----------------------------------------------
[Network] GET https://gateway.hotbunny.dev/hackhub/polls failed after 1819ms: ERR_BAD_REQUEST Request failed with status code 401
==============================================

==============================================
[04/09/2026, 17:04:55] [WARN]
----------------------------------------------
[Network] POST https://gateway.hotbunny.dev/hackhub/auth/steam/challenge failed after 519ms: ERR_BAD_REQUEST Request failed with status code 429
==============================================

==============================================
[04/09/2026, 17:04:56] [WARN]
----------------------------------------------
[Network] POST https://gateway.hotbunny.dev/hackhub/auth/steam/challenge failed after 528ms: ERR_BAD_REQUEST Request failed with status code 429
==============================================

==============================================
[04/09/2026, 17:04:57] [WARN]
----------------------------------------------
[Network] POST https://gateway.hotbunny.dev/hackhub/auth/steam/challenge failed after 533ms: ERR_BAD_REQUEST Request failed with status code 429
==============================================

==============================================
[04/09/2026, 17:04:57] [WARN]
----------------------------------------------
[Network] GET https://gateway.hotbunny.dev/hackhub/player-notifications?limit=50 failed after 516ms: ERR_BAD_REQUEST Request failed with status code 401
==============================================

==============================================
[04/09/2026, 17:04:57] [WARN]
----------------------------------------------
[Network] GET https://gateway.hotbunny.dev/hackhub/player-notifications?limit=50 failed after 529ms: ERR_BAD_REQUEST Request failed with status code 401
==============================================

==============================================
[04/09/2026, 17:04:59] [WARN]
----------------------------------------------
[RENDERER] [PruneOrphanQuests] Dropping "TheHarbourManifest1" (PoVAgp6lsC): no installed content defines it.
==============================================

==============================================
[04/09/2026, 17:04:59] [WARN]
----------------------------------------------
[RENDERER] [CompleteObjective] Objective "open_email" already completed (in-memory) for quest pFjtJ795zG
==============================================

==============================================
[04/09/2026, 17:04:59] [WARN]
----------------------------------------------
[RENDERER] [CompleteObjective] Objective "open_bank" already completed (in-memory) for quest pFjtJ795zG
==============================================

==============================================
[04/09/2026, 17:04:59] [INFO]
----------------------------------------------
[RENDERER] [quest-editor] quest "TheHarbourManifest2" started (1 entry point)
==============================================

==============================================
[04/09/2026, 17:04:59] [INFO]
----------------------------------------------
[RENDERER] [quest-editor] network 203.0.113.47 already exists in this save; replacing it
==============================================

==============================================
[04/09/2026, 17:04:59] [INFO]
----------------------------------------------
[RENDERER] [quest-editor] mail "One file, quietly" sent via Mail.send
==============================================

==============================================
[04/09/2026, 17:04:59] [INFO]
----------------------------------------------
[RENDERER] [quest-editor] reached "Out-Dialogue-OneFileQuietly" | event: (none - not reached from a trigger) | saved: { no fields }
==============================================

==============================================
[04/09/2026, 17:04:59] [INFO]
----------------------------------------------
[RENDERER] [quest-editor] reached "Out-ToolResponse-Whois" | event: (none - not reached from a trigger) | saved: { no fields }
==============================================

==============================================
[04/09/2026, 17:04:59] [INFO]
----------------------------------------------
[RENDERER] [quest-editor] reached "Out-ToolResponse-Lynx" | event: (none - not reached from a trigger) | saved: { no fields }
==============================================

==============================================
[04/09/2026, 17:04:59] [INFO]
----------------------------------------------
[RENDERER] [quest-editor] reached "Out-CreateNetwork-HarbourFileserver" | event: (none - not reached from a trigger) | saved: { no fields }
==============================================

==============================================
[04/09/2026, 17:04:59] [INFO]
----------------------------------------------
[RENDERER] [quest-editor] quest "TheHarbourManifest2" objectives started
==============================================

==============================================
[04/09/2026, 17:04:59] [INFO]
----------------------------------------------
[RENDERER] [quest-editor] objective "read-brief" is listening for Mail.Read
==============================================

==============================================
[04/09/2026, 17:04:59] [INFO]
----------------------------------------------
[RENDERER] [quest-editor] objective "identify-target" is listening for Terminal.Lynx.Search
==============================================

==============================================
[04/09/2026, 17:04:59] [INFO]
----------------------------------------------
[RENDERER] [quest-editor] objective "find-server" is listening for Terminal.Whois
==============================================

==============================================
[04/09/2026, 17:04:59] [INFO]
----------------------------------------------
[RENDERER] [quest-editor] objective "scan-server" is listening for Terminal.NmapScan
==============================================

==============================================
[04/09/2026, 17:04:59] [INFO]
----------------------------------------------
[RENDERER] [quest-editor] objective "get-in" is listening for Metasploit.Meterpreter.Connected
==============================================

==============================================
[04/09/2026, 17:04:59] [INFO]
----------------------------------------------
[RENDERER] [quest-editor] objective "take-manifest" is listening for Terminal.SSH.FileDownload
==============================================

==============================================
[04/09/2026, 17:04:59] [INFO]
----------------------------------------------
[RENDERER] [quest-editor] objective "send-manifest" is listening for Mail.Sent
==============================================

==============================================
[04/09/2026, 17:05:00] [WARN]
----------------------------------------------
[Network] POST https://gateway.hotbunny.dev/hackhub/auth/steam/challenge failed after 542ms: ERR_BAD_REQUEST Request failed with status code 429
==============================================

==============================================
[04/09/2026, 17:05:01] [WARN]
----------------------------------------------
[Network] POST https://gateway.hotbunny.dev/hackhub/auth/steam/challenge failed after 560ms: ERR_BAD_REQUEST Request failed with status code 429
==============================================

==============================================
[04/09/2026, 17:05:02] [WARN]
----------------------------------------------
[Network] POST https://gateway.hotbunny.dev/hackhub/auth/steam/challenge failed after 540ms: ERR_BAD_REQUEST Request failed with status code 429
==============================================

==============================================
[04/09/2026, 17:05:02] [WARN]
----------------------------------------------
[Network] GET https://gateway.hotbunny.dev/hackhub/player-notifications?limit=50 failed after 533ms: ERR_BAD_REQUEST Request failed with status code 401
==============================================

==============================================
[04/09/2026, 17:05:16] [INFO]
----------------------------------------------
[RENDERER] [quest-editor] objective "read-brief" completed by Mail.Read
==============================================

==============================================
[04/09/2026, 17:05:16] [INFO]
----------------------------------------------
[RENDERER] [quest-editor] reached "OnComplete-Objective-ReadBrief" | event: { id="3UUEVvRDxU", from="d.okonkwo@nullpost.io", to="bkelso@gomail.com", subject="One file, quietly", content="A shipping firm called Harbourline is running containers ...", sentAt="1788534299923", metadata=undefined } | saved: { no fields }
==============================================

==============================================
[04/09/2026, 17:05:24] [INFO]
----------------------------------------------
[RENDERER] [quest-editor] objective "identify-target" completed by Terminal.Lynx.Search
==============================================

==============================================
[04/09/2026, 17:05:24] [INFO]
----------------------------------------------
[RENDERER] [quest-editor] reached "OnComplete-Objective-IdentifyTarget" | event: "Yusuf Demir" | saved: { no fields }
==============================================

==============================================
[04/09/2026, 17:05:24] [WARN]
----------------------------------------------
[RENDERER] [CompleteObjective] Objective "identify-target" already completed (in-memory) for quest BWnerTK63B
==============================================

==============================================
[04/09/2026, 17:05:55] [INFO]
----------------------------------------------
[RENDERER] [quest-editor] objective "find-server" completed by Terminal.Whois
==============================================

==============================================
[04/09/2026, 17:05:55] [INFO]
----------------------------------------------
[RENDERER] [quest-editor] reached "OnComplete-Objective-FindServer" | event: { domain="harbourline-logistics.com", whois={object} } | saved: { no fields }
==============================================

==============================================
[04/09/2026, 17:05:55] [WARN]
----------------------------------------------
[RENDERER] [CompleteObjective] Objective "find-server" already completed (in-memory) for quest BWnerTK63B
==============================================

==============================================
[04/09/2026, 17:06:05] [INFO]
----------------------------------------------
[RENDERER] [quest-editor] objective "scan-server" completed by Terminal.NmapScan
==============================================

==============================================
[04/09/2026, 17:06:05] [INFO]
----------------------------------------------
[RENDERER] [quest-editor] reached "OnComplete-Objective-ScanServer" | event: { ip="203.0.113.47", versionScan="true" } | saved: { no fields }
==============================================

==============================================
[04/09/2026, 17:06:05] [WARN]
----------------------------------------------
[RENDERER] [CompleteObjective] Objective "scan-server" already completed (in-memory) for quest BWnerTK63B
==============================================

==============================================
  APPLICATION CLOSING
  Time: 04/09/2026, 17:06:37
==============================================

==============================================
  APPLICATION CLOSING
  Time: 04/09/2026, 17:06:37
==============================================

==============================================
  HACKHUB LOG FILE
  Started: 04/09/2026, 17:22:25
  Version: 1.1.2
  Platform: win32
  Arch: x64
==============================================


==============================================
[04/09/2026, 17:22:25] [INFO]
----------------------------------------------
Steamworks initalized: Zeis [ZF] - 76561197976480835
==============================================

==============================================
[04/09/2026, 17:22:25] [INFO]
----------------------------------------------
[WorkshopController] initialized with appId: 2980270
==============================================

==============================================
[04/09/2026, 17:22:26] [INFO]
----------------------------------------------
[RENDERER] [Markdown Note Editor] Mod loaded.
==============================================

==============================================
[04/09/2026, 17:22:26] [INFO]
----------------------------------------------
[RENDERER] [quest-editor] The Harbour Manifest3 v3.0.0 loaded (editor build 2026-09-04.r71).
==============================================

==============================================
[04/09/2026, 17:22:26] [INFO]
----------------------------------------------
[RENDERER] [nemesis-protocol-stage1] Nemesis Protocol loaded. The mission is waiting in the HackHub feed.
==============================================

==============================================
[04/09/2026, 17:22:26] [INFO]
----------------------------------------------
[RENDERER] Custom Browser mod loaded with ordered categories!
==============================================

==============================================
[04/09/2026, 17:22:26] [INFO]
----------------------------------------------
[RENDERER] RetroArcade v1.0.0 loaded!
==============================================

==============================================
[04/09/2026, 17:22:26] [INFO]
----------------------------------------------
[RENDERER] [darknet-tree] Darknet-Tree loaded! Check the App Store for NotePad.
==============================================

==============================================
[04/09/2026, 17:22:26] [INFO]
----------------------------------------------
[RENDERER] [synthetik-wallet] Synthetik Wallet loaded! Find it in the App Store.
==============================================

==============================================
[04/09/2026, 17:22:26] [INFO]
----------------------------------------------
[RENDERER] [GhostLink] v1.0.2 loaded
==============================================

==============================================
[04/09/2026, 17:22:26] [INFO]
----------------------------------------------
[RENDERER] [python-is-python3] Mod loaded! Run: apt-get install python-is-python3
==============================================

==============================================
[04/09/2026, 17:22:26] [INFO]
----------------------------------------------
[RENDERER] Lockchain Wallet mod loaded: websites, phone wallet, marketplace, miner, and isolated RPC registered.
==============================================

==============================================
[04/09/2026, 17:22:26] [INFO]
----------------------------------------------
[RENDERER] [Fishception] biological daemon loaded
==============================================

==============================================
[04/09/2026, 17:22:26] [INFO]
----------------------------------------------
[RENDERER] [Beginner Handbook+] Registered 109 handbook pages without title prefixes. Language: en.
==============================================

==============================================
[04/09/2026, 17:22:26] [INFO]
----------------------------------------------
[RENDERER] [vault-manager] Vault Manager loaded — password vault & sticky notes ready.
==============================================

==============================================
[04/09/2026, 17:22:27] [ERROR]
----------------------------------------------
(node:27156) [DEP0169] DeprecationWarning: `url.parse()` behavior is not standardized and prone to errors that have security implications. Use the WHATWG URL API instead. CVEs are not issued for `url.parse()` vulnerabilities.
(Use `Hackhub --trace-deprecation ...` to show where the warning was created)
==============================================

==============================================
[04/09/2026, 17:22:39] [WARN]
----------------------------------------------
[RENDERER] [PruneOrphanQuests] Dropping "TheHarbourManifest2" (BWnerTK63B): no installed content defines it.
==============================================

==============================================
[04/09/2026, 17:22:39] [WARN]
----------------------------------------------
[RENDERER] [CompleteObjective] Objective "open_email" already completed (in-memory) for quest pFjtJ795zG
==============================================

==============================================
[04/09/2026, 17:22:39] [WARN]
----------------------------------------------
[RENDERER] [CompleteObjective] Objective "open_bank" already completed (in-memory) for quest pFjtJ795zG
==============================================

==============================================
[04/09/2026, 17:22:39] [INFO]
----------------------------------------------
[RENDERER] [quest-editor] quest "TheHarbourManifest3" started (1 entry point)
==============================================

==============================================
[04/09/2026, 17:22:39] [INFO]
----------------------------------------------
[RENDERER] [quest-editor] mail "One file, quietly" sent via Mail.send
==============================================

==============================================
[04/09/2026, 17:22:39] [INFO]
----------------------------------------------
[RENDERER] [quest-editor] reached "Out-Dialogue-OneFileQuietly" | event: (none - not reached from a trigger) | saved: { no fields }
==============================================

==============================================
[04/09/2026, 17:22:39] [INFO]
----------------------------------------------
[RENDERER] [quest-editor] reached "Out-ToolResponse-Whois" | event: (none - not reached from a trigger) | saved: { no fields }
==============================================

==============================================
[04/09/2026, 17:22:39] [INFO]
----------------------------------------------
[RENDERER] [quest-editor] reached "Out-ToolResponse-Lynx" | event: (none - not reached from a trigger) | saved: { no fields }
==============================================

==============================================
[04/09/2026, 17:22:39] [INFO]
----------------------------------------------
[RENDERER] [quest-editor] reached "Out-CreateNetwork-HarbourFileserver" | event: (none - not reached from a trigger) | saved: { no fields }
==============================================

==============================================
[04/09/2026, 17:22:39] [INFO]
----------------------------------------------
[RENDERER] [quest-editor] quest "TheHarbourManifest3" objectives started
==============================================

==============================================
[04/09/2026, 17:22:39] [INFO]
----------------------------------------------
[RENDERER] [quest-editor] objective "read-brief" is listening for Mail.Read
==============================================

==============================================
[04/09/2026, 17:22:39] [INFO]
----------------------------------------------
[RENDERER] [quest-editor] objective "identify-target" is listening for Terminal.Lynx.Search
==============================================

==============================================
[04/09/2026, 17:22:39] [INFO]
----------------------------------------------
[RENDERER] [quest-editor] objective "find-server" is listening for Terminal.Whois
==============================================

==============================================
[04/09/2026, 17:22:39] [INFO]
----------------------------------------------
[RENDERER] [quest-editor] objective "scan-server" is listening for Terminal.NmapScan
==============================================

==============================================
[04/09/2026, 17:22:39] [INFO]
----------------------------------------------
[RENDERER] [quest-editor] objective "get-in" is listening for Metasploit.Meterpreter.Connected
==============================================

==============================================
[04/09/2026, 17:22:39] [INFO]
----------------------------------------------
[RENDERER] [quest-editor] objective "take-manifest" is listening for Terminal.SSH.FileDownload
==============================================

==============================================
[04/09/2026, 17:22:39] [INFO]
----------------------------------------------
[RENDERER] [quest-editor] objective "send-manifest" is listening for Mail.Sent
==============================================

==============================================
[04/09/2026, 17:22:49] [INFO]
----------------------------------------------
[RENDERER] [quest-editor] objective "read-brief" completed by Mail.Read
==============================================

==============================================
[04/09/2026, 17:22:54] [INFO]
----------------------------------------------
[RENDERER] [quest-editor] objective "identify-target" completed by Terminal.Lynx.Search
==============================================

==============================================
[04/09/2026, 17:22:54] [INFO]
----------------------------------------------
[RENDERER] [quest-editor] reached "OnComplete-Objective-IdentifyTarget" | event: "Yusuf Demir" | saved: { no fields }
==============================================

==============================================
[04/09/2026, 17:22:54] [WARN]
----------------------------------------------
[RENDERER] [CompleteObjective] Objective "identify-target" already completed (in-memory) for quest uNbrRRmhDu
==============================================

==============================================
[04/09/2026, 17:23:20] [INFO]
----------------------------------------------
[RENDERER] [quest-editor] objective "find-server" completed by Terminal.Whois
==============================================

==============================================
[04/09/2026, 17:23:20] [INFO]
----------------------------------------------
[RENDERER] [quest-editor] reached "OnComplete-Objective-FindServer" | event: { domain="harbourline-logistics.com", whois={object} } | saved: { no fields }
==============================================

==============================================
[04/09/2026, 17:23:20] [WARN]
----------------------------------------------
[RENDERER] [CompleteObjective] Objective "find-server" already completed (in-memory) for quest uNbrRRmhDu
==============================================

==============================================
[04/09/2026, 17:23:28] [INFO]
----------------------------------------------
[RENDERER] [quest-editor] objective "scan-server" completed by Terminal.NmapScan
==============================================

==============================================
[04/09/2026, 17:23:28] [INFO]
----------------------------------------------
[RENDERER] [quest-editor] reached "OnComplete-Objective-ScanServer" | event: { ip="203.0.113.47", versionScan="true" } | saved: { no fields }
==============================================

==============================================
[04/09/2026, 17:23:28] [WARN]
----------------------------------------------
[RENDERER] [CompleteObjective] Objective "scan-server" already completed (in-memory) for quest uNbrRRmhDu
==============================================

==============================================
[04/09/2026, 17:23:43] [WARN]
----------------------------------------------
[Network] POST https://gateway.hotbunny.dev/hackhub/auth/steam/challenge failed after 1327ms: ERR_BAD_REQUEST Request failed with status code 429
==============================================

==============================================
[04/09/2026, 17:23:43] [WARN]
----------------------------------------------
[Network] POST https://gateway.hotbunny.dev/hackhub/auth/steam/challenge failed after 524ms: ERR_BAD_REQUEST Request failed with status code 429
==============================================

==============================================
[04/09/2026, 17:23:45] [WARN]
----------------------------------------------
[Network] POST https://gateway.hotbunny.dev/hackhub/auth/steam/challenge failed after 531ms: ERR_BAD_REQUEST Request failed with status code 429
==============================================

==============================================
[04/09/2026, 17:23:45] [WARN]
----------------------------------------------
[Network] GET https://gateway.hotbunny.dev/hackhub/pages failed after 793ms: ECONNRESET Client network socket disconnected before secure TLS connection was established
==============================================

==============================================
[04/09/2026, 17:23:45] [WARN]
----------------------------------------------
[Network] GET https://gateway.hotbunny.dev/hackhub/polls failed after 796ms: ECONNRESET Client network socket disconnected before secure TLS connection was established
==============================================

==============================================
[04/09/2026, 17:23:45] [WARN]
----------------------------------------------
[Network] GET https://gateway.hotbunny.dev/hackhub/actions failed after 795ms: ECONNRESET Client network socket disconnected before secure TLS connection was established
==============================================

==============================================
[04/09/2026, 17:23:45] [WARN]
----------------------------------------------
[Network] GET https://gateway.hotbunny.dev/hackhub/featured-mods failed after 796ms: ECONNRESET Client network socket disconnected before secure TLS connection was established
==============================================

==============================================
[04/09/2026, 17:23:45] [WARN]
----------------------------------------------
[Network] GET https://gateway.hotbunny.dev/hackhub/dlc-store/config failed after 796ms: ECONNRESET Client network socket disconnected before secure TLS connection was established
==============================================

==============================================
[04/09/2026, 17:23:46] [WARN]
----------------------------------------------
[Network] GET https://gateway.hotbunny.dev/hackhub/player-notifications?limit=50 failed after 783ms: ECONNRESET Client network socket disconnected before secure TLS connection was established
==============================================

==============================================
  APPLICATION CLOSING
  Time: 04/09/2026, 17:23:46
==============================================

==============================================
  APPLICATION CLOSING
  Time: 04/09/2026, 17:23:47
==============================================

==============================================
  HACKHUB LOG FILE
  Started: 04/09/2026, 17:43:49
  Version: 1.1.2
  Platform: win32
  Arch: x64
==============================================


==============================================
[04/09/2026, 17:43:49] [INFO]
----------------------------------------------
Steamworks initalized: Zeis [ZF] - 76561197976480835
==============================================

==============================================
[04/09/2026, 17:43:49] [INFO]
----------------------------------------------
[WorkshopController] initialized with appId: 2980270
==============================================

==============================================
[04/09/2026, 17:43:50] [INFO]
----------------------------------------------
[RENDERER] [Markdown Note Editor] Mod loaded.
==============================================

==============================================
[04/09/2026, 17:43:50] [INFO]
----------------------------------------------
[RENDERER] [quest-editor] The Harbour Manifest4 v4.0.0 loaded (editor build 2026-09-04.r72).
==============================================

==============================================
  APPLICATION CLOSING
  Time: 04/09/2026, 17:44:30
==============================================

==============================================
  HACKHUB LOG FILE
  Started: 04/09/2026, 18:08:30
  Version: 1.1.2
  Platform: win32
  Arch: x64
==============================================


==============================================
[04/09/2026, 18:08:30] [INFO]
----------------------------------------------
Steamworks initalized: Zeis [ZF] - 76561197976480835
==============================================

==============================================
[04/09/2026, 18:08:30] [INFO]
----------------------------------------------
[WorkshopController] initialized with appId: 2980270
==============================================

==============================================
[04/09/2026, 18:08:31] [INFO]
----------------------------------------------
[RENDERER] [Markdown Note Editor] Mod loaded.
==============================================

==============================================
[04/09/2026, 18:08:31] [INFO]
----------------------------------------------
[RENDERER] [quest-editor] The Harbour Manifest5 v5.0.0 loaded (editor build 2026-09-04.r73).
==============================================

==============================================
[04/09/2026, 18:08:31] [INFO]
----------------------------------------------
[RENDERER] [nemesis-protocol-stage1] Nemesis Protocol loaded. The mission is waiting in the HackHub feed.
==============================================

==============================================
[04/09/2026, 18:08:31] [INFO]
----------------------------------------------
[RENDERER] Custom Browser mod loaded with ordered categories!
==============================================

==============================================
[04/09/2026, 18:08:31] [INFO]
----------------------------------------------
[RENDERER] RetroArcade v1.0.0 loaded!
==============================================

==============================================
[04/09/2026, 18:08:31] [INFO]
----------------------------------------------
[RENDERER] [darknet-tree] Darknet-Tree loaded! Check the App Store for NotePad.
==============================================

==============================================
[04/09/2026, 18:08:31] [INFO]
----------------------------------------------
[RENDERER] [synthetik-wallet] Synthetik Wallet loaded! Find it in the App Store.
==============================================

==============================================
[04/09/2026, 18:08:31] [INFO]
----------------------------------------------
[RENDERER] [GhostLink] v1.0.2 loaded
==============================================

==============================================
[04/09/2026, 18:08:31] [INFO]
----------------------------------------------
[RENDERER] [python-is-python3] Mod loaded! Run: apt-get install python-is-python3
==============================================

==============================================
[04/09/2026, 18:08:31] [INFO]
----------------------------------------------
[RENDERER] Lockchain Wallet mod loaded: websites, phone wallet, marketplace, miner, and isolated RPC registered.
==============================================

==============================================
[04/09/2026, 18:08:31] [INFO]
----------------------------------------------
[RENDERER] [Fishception] biological daemon loaded
==============================================

==============================================
[04/09/2026, 18:08:31] [INFO]
----------------------------------------------
[RENDERER] [Beginner Handbook+] Registered 109 handbook pages without title prefixes. Language: en.
==============================================

==============================================
[04/09/2026, 18:08:31] [INFO]
----------------------------------------------
[RENDERER] [vault-manager] Vault Manager loaded — password vault & sticky notes ready.
==============================================

==============================================
[04/09/2026, 18:08:32] [ERROR]
----------------------------------------------
(node:14696) [DEP0169] DeprecationWarning: `url.parse()` behavior is not standardized and prone to errors that have security implications. Use the WHATWG URL API instead. CVEs are not issued for `url.parse()` vulnerabilities.
(Use `Hackhub --trace-deprecation ...` to show where the warning was created)
==============================================

==============================================
[04/09/2026, 18:08:33] [WARN]
----------------------------------------------
[Network] GET https://gateway.hotbunny.dev/hackhub/multiplayer/status failed after 1126ms: ECONNRESET Client network socket disconnected before secure TLS connection was established
==============================================

==============================================
[04/09/2026, 18:08:33] [WARN]
----------------------------------------------
[Network] POST https://gateway.hotbunny.dev/hackhub/auth/steam/challenge failed after 1116ms: ECONNRESET Client network socket disconnected before secure TLS connection was established
==============================================

==============================================
[04/09/2026, 18:08:35] [WARN]
----------------------------------------------
[Network] POST https://gateway.hotbunny.dev/hackhub/auth/steam/challenge failed after 1898ms: ECONNRESET Client network socket disconnected before secure TLS connection was established
==============================================

==============================================
[04/09/2026, 18:08:35] [WARN]
----------------------------------------------
[RENDERER] [NetworkHealth] backend unreachable (status: none, code: ECONNRESET, timedOut: false)
==============================================

==============================================
[04/09/2026, 18:08:36] [WARN]
----------------------------------------------
[Network] POST https://gateway.hotbunny.dev/hackhub/auth/steam/challenge failed after 820ms: ECONNRESET Client network socket disconnected before secure TLS connection was established
==============================================

==============================================
[04/09/2026, 18:08:37] [WARN]
----------------------------------------------
[Network] GET https://gateway.hotbunny.dev/hackhub/announcements?limit=10 failed after 988ms: ECONNRESET Client network socket disconnected before secure TLS connection was established
==============================================

==============================================
[04/09/2026, 18:08:37] [WARN]
----------------------------------------------
[Network] GET https://gateway.hotbunny.dev/hackhub/stats failed after 990ms: ECONNRESET Client network socket disconnected before secure TLS connection was established
==============================================

==============================================
[04/09/2026, 18:08:37] [WARN]
----------------------------------------------
[Network] GET https://gateway.hotbunny.dev/hackhub/polls failed after 990ms: ECONNRESET Client network socket disconnected before secure TLS connection was established
==============================================

==============================================
[04/09/2026, 18:08:37] [WARN]
----------------------------------------------
[Network] GET https://gateway.hotbunny.dev/hackhub/pages failed after 990ms: ECONNRESET Client network socket disconnected before secure TLS connection was established
==============================================

==============================================
[04/09/2026, 18:08:37] [WARN]
----------------------------------------------
[Network] GET https://gateway.hotbunny.dev/hackhub/actions failed after 989ms: ECONNRESET Client network socket disconnected before secure TLS connection was established
==============================================

==============================================
[04/09/2026, 18:08:37] [WARN]
----------------------------------------------
[Network] GET https://gateway.hotbunny.dev/hackhub/featured-mods failed after 990ms: ECONNRESET Client network socket disconnected before secure TLS connection was established
==============================================

==============================================
[04/09/2026, 18:08:37] [WARN]
----------------------------------------------
[Network] GET https://gateway.hotbunny.dev/hackhub/dlc-store/config failed after 990ms: ECONNRESET Client network socket disconnected before secure TLS connection was established
==============================================

==============================================
[04/09/2026, 18:08:39] [WARN]
----------------------------------------------
[Network] GET https://gateway.hotbunny.dev/hackhub/player-notifications?limit=50 failed after 818ms: ECONNRESET Client network socket disconnected before secure TLS connection was established
==============================================

==============================================
[04/09/2026, 18:08:39] [WARN]
----------------------------------------------
[Network] GET https://gateway.hotbunny.dev/hackhub/player-notifications?limit=50 failed after 820ms: ECONNRESET Client network socket disconnected before secure TLS connection was established
==============================================

==============================================
[04/09/2026, 18:08:45] [WARN]
----------------------------------------------
[RENDERER] [PruneOrphanQuests] Dropping "TheHarbourManifest3" (uNbrRRmhDu): no installed content defines it.
==============================================

==============================================
[04/09/2026, 18:08:45] [WARN]
----------------------------------------------
[RENDERER] [CompleteObjective] Objective "open_email" already completed (in-memory) for quest pFjtJ795zG
==============================================

==============================================
[04/09/2026, 18:08:45] [WARN]
----------------------------------------------
[RENDERER] [CompleteObjective] Objective "open_bank" already completed (in-memory) for quest pFjtJ795zG
==============================================

==============================================
[04/09/2026, 18:08:45] [INFO]
----------------------------------------------
[RENDERER] [quest-editor] quest "TheHarbourManifest5" started (1 entry point)
==============================================

==============================================
[04/09/2026, 18:08:45] [INFO]
----------------------------------------------
[RENDERER] [quest-editor] mail "One file, quietly" sent via Mail.send
==============================================

==============================================
[04/09/2026, 18:08:45] [INFO]
----------------------------------------------
[RENDERER] [quest-editor] reached "Out-Dialogue-OneFileQuietly" | event: (none - not reached from a trigger) | saved: { targetIp="126.117.10.72" }
==============================================

==============================================
[04/09/2026, 18:08:45] [INFO]
----------------------------------------------
[RENDERER] [quest-editor] reached "Out-ToolResponse-Whois" | event: (none - not reached from a trigger) | saved: { targetIp="126.117.10.72" }
==============================================

==============================================
[04/09/2026, 18:08:45] [INFO]
----------------------------------------------
[RENDERER] [quest-editor] reached "Out-ToolResponse-Lynx" | event: (none - not reached from a trigger) | saved: { targetIp="126.117.10.72" }
==============================================

==============================================
[04/09/2026, 18:08:45] [INFO]
----------------------------------------------
[RENDERER] [quest-editor] reached "Out-CreateNetwork-HarbourFileserver" | event: (none - not reached from a trigger) | saved: { targetIp="126.117.10.72" }
==============================================

==============================================
[04/09/2026, 18:08:45] [INFO]
----------------------------------------------
[RENDERER] [quest-editor] quest "TheHarbourManifest5" objectives started
==============================================

==============================================
[04/09/2026, 18:08:45] [INFO]
----------------------------------------------
[RENDERER] [quest-editor] objective "read-brief" is listening for Mail.Read
==============================================

==============================================
[04/09/2026, 18:08:45] [INFO]
----------------------------------------------
[RENDERER] [quest-editor] objective "identify-target" is listening for Terminal.Lynx.Search
==============================================

==============================================
[04/09/2026, 18:08:45] [INFO]
----------------------------------------------
[RENDERER] [quest-editor] objective "find-server" is listening for Terminal.Whois
==============================================

==============================================
[04/09/2026, 18:08:45] [INFO]
----------------------------------------------
[RENDERER] [quest-editor] objective "scan-server" is listening for Terminal.NmapScan
==============================================

==============================================
[04/09/2026, 18:08:45] [INFO]
----------------------------------------------
[RENDERER] [quest-editor] objective "get-in" is listening for Metasploit.Meterpreter.Connected
==============================================

==============================================
[04/09/2026, 18:08:45] [INFO]
----------------------------------------------
[RENDERER] [quest-editor] objective "take-manifest" is listening for Terminal.SSH.FileDownload
==============================================

==============================================
[04/09/2026, 18:08:45] [INFO]
----------------------------------------------
[RENDERER] [quest-editor] objective "send-manifest" is listening for Mail.Sent
==============================================

==============================================
[04/09/2026, 18:08:54] [INFO]
----------------------------------------------
[RENDERER] [quest-editor] objective "read-brief" completed by Mail.Read
==============================================

==============================================
[04/09/2026, 18:08:54] [INFO]
----------------------------------------------
[RENDERER] [quest-editor] reached "OnComplete-Objective-ReadBrief" | event: { id="OfjxFmf0EM", from="d.okonkwo@nullpost.io", to="bkelso@gomail.com", subject="One file, quietly", content="A shipping firm called Harbourline is running containers ...", sentAt="1788538125441", metadata=undefined } | saved: { targetIp="126.117.10.72" }
==============================================

==============================================
[04/09/2026, 18:08:59] [INFO]
----------------------------------------------
[RENDERER] [quest-editor] objective "identify-target" completed by Terminal.Lynx.Search
==============================================

==============================================
[04/09/2026, 18:08:59] [INFO]
----------------------------------------------
[RENDERER] [quest-editor] reached "OnComplete-Objective-IdentifyTarget" | event: "Yusuf Demir" | saved: { targetIp="126.117.10.72" }
==============================================

==============================================
[04/09/2026, 18:08:59] [WARN]
----------------------------------------------
[RENDERER] [CompleteObjective] Objective "identify-target" already completed (in-memory) for quest eCroQZs6NU
==============================================

==============================================
[04/09/2026, 18:09:21] [WARN]
----------------------------------------------
[Network] POST https://gateway.hotbunny.dev/hackhub/stats/increase failed after 1211ms: ECONNRESET Client network socket disconnected before secure TLS connection was established
==============================================

==============================================
[04/09/2026, 18:09:27] [INFO]
----------------------------------------------
[RENDERER] [quest-editor] objective "find-server" completed by Terminal.Whois
==============================================

==============================================
[04/09/2026, 18:09:27] [INFO]
----------------------------------------------
[RENDERER] [quest-editor] reached "OnComplete-Objective-FindServer" | event: { domain="harbourline-logistics.com", whois={object} } | saved: { targetIp="126.117.10.72" }
==============================================

==============================================
[04/09/2026, 18:09:27] [WARN]
----------------------------------------------
[RENDERER] [CompleteObjective] Objective "find-server" already completed (in-memory) for quest eCroQZs6NU
==============================================

==============================================
[04/09/2026, 18:09:36] [INFO]
----------------------------------------------
[RENDERER] [quest-editor] objective "scan-server": Terminal.NmapScan fired but did not match. Event carried: { ip="203.0.113.47", versionScan="true" }
==============================================

==============================================
  APPLICATION CLOSING
  Time: 04/09/2026, 18:09:50
==============================================

==============================================
  HACKHUB LOG FILE
  Started: 04/09/2026, 18:32:57
  Version: 1.1.2
  Platform: win32
  Arch: x64
==============================================


==============================================
[04/09/2026, 18:32:57] [INFO]
----------------------------------------------
Steamworks initalized: Zeis [ZF] - 76561197976480835
==============================================

==============================================
[04/09/2026, 18:32:57] [INFO]
----------------------------------------------
[WorkshopController] initialized with appId: 2980270
==============================================

==============================================
[04/09/2026, 18:32:58] [INFO]
----------------------------------------------
[RENDERER] [Markdown Note Editor] Mod loaded.
==============================================

==============================================
[04/09/2026, 18:32:58] [INFO]
----------------------------------------------
[RENDERER] [quest-editor] The Harbour Manifest6 v6.0.0 loaded (editor build 2026-09-04.r74).
==============================================

==============================================
[04/09/2026, 18:32:58] [INFO]
----------------------------------------------
[RENDERER] [nemesis-protocol-stage1] Nemesis Protocol loaded. The mission is waiting in the HackHub feed.
==============================================

==============================================
[04/09/2026, 18:32:58] [INFO]
----------------------------------------------
[RENDERER] Custom Browser mod loaded with ordered categories!
==============================================

==============================================
[04/09/2026, 18:32:58] [INFO]
----------------------------------------------
[RENDERER] RetroArcade v1.0.0 loaded!
==============================================

==============================================
[04/09/2026, 18:32:58] [INFO]
----------------------------------------------
[RENDERER] [darknet-tree] Darknet-Tree loaded! Check the App Store for NotePad.
==============================================

==============================================
[04/09/2026, 18:32:58] [INFO]
----------------------------------------------
[RENDERER] [synthetik-wallet] Synthetik Wallet loaded! Find it in the App Store.
==============================================

==============================================
[04/09/2026, 18:32:58] [INFO]
----------------------------------------------
[RENDERER] [GhostLink] v1.0.2 loaded
==============================================

==============================================
[04/09/2026, 18:32:58] [INFO]
----------------------------------------------
[RENDERER] [python-is-python3] Mod loaded! Run: apt-get install python-is-python3
==============================================

==============================================
[04/09/2026, 18:32:58] [INFO]
----------------------------------------------
[RENDERER] Lockchain Wallet mod loaded: websites, phone wallet, marketplace, miner, and isolated RPC registered.
==============================================

==============================================
[04/09/2026, 18:32:58] [INFO]
----------------------------------------------
[RENDERER] [Fishception] biological daemon loaded
==============================================

==============================================
[04/09/2026, 18:32:58] [INFO]
----------------------------------------------
[RENDERER] [Beginner Handbook+] Registered 109 handbook pages without title prefixes. Language: en.
==============================================

==============================================
[04/09/2026, 18:32:58] [INFO]
----------------------------------------------
[RENDERER] [vault-manager] Vault Manager loaded — password vault & sticky notes ready.
==============================================

==============================================
[04/09/2026, 18:32:58] [ERROR]
----------------------------------------------
(node:17204) [DEP0169] DeprecationWarning: `url.parse()` behavior is not standardized and prone to errors that have security implications. Use the WHATWG URL API instead. CVEs are not issued for `url.parse()` vulnerabilities.
(Use `Hackhub --trace-deprecation ...` to show where the warning was created)
==============================================

==============================================
[04/09/2026, 18:33:07] [WARN]
----------------------------------------------
[RENDERER] [PruneOrphanQuests] Dropping "TheHarbourManifest5" (eCroQZs6NU): no installed content defines it.
==============================================

==============================================
[04/09/2026, 18:33:07] [WARN]
----------------------------------------------
[RENDERER] [CompleteObjective] Objective "open_email" already completed (in-memory) for quest pFjtJ795zG
==============================================

==============================================
[04/09/2026, 18:33:07] [WARN]
----------------------------------------------
[RENDERER] [CompleteObjective] Objective "open_bank" already completed (in-memory) for quest pFjtJ795zG
==============================================

==============================================
[04/09/2026, 18:33:08] [INFO]
----------------------------------------------
[RENDERER] [quest-editor] quest "TheHarbourManifest6" started (1 entry point)
==============================================

==============================================
[04/09/2026, 18:33:08] [INFO]
----------------------------------------------
[RENDERER] [quest-editor] mail "One file, quietly" sent via Mail.send
==============================================

==============================================
[04/09/2026, 18:33:08] [INFO]
----------------------------------------------
[RENDERER] [quest-editor] reached "Out-Dialogue-OneFileQuietly" | event: (none - not reached from a trigger) | saved: { targetIp="158.97.133.56" }
==============================================

==============================================
[04/09/2026, 18:33:08] [INFO]
----------------------------------------------
[RENDERER] [quest-editor] reached "Out-ToolResponse-Whois" | event: (none - not reached from a trigger) | saved: { targetIp="158.97.133.56" }
==============================================

==============================================
[04/09/2026, 18:33:08] [INFO]
----------------------------------------------
[RENDERER] [quest-editor] reached "Out-ToolResponse-Lynx" | event: (none - not reached from a trigger) | saved: { targetIp="158.97.133.56" }
==============================================

==============================================
[04/09/2026, 18:33:08] [INFO]
----------------------------------------------
[RENDERER] [quest-editor] reached "Out-CreateNetwork-HarbourFileserver" | event: (none - not reached from a trigger) | saved: { targetIp="158.97.133.56" }
==============================================

==============================================
[04/09/2026, 18:33:08] [INFO]
----------------------------------------------
[RENDERER] [quest-editor] quest "TheHarbourManifest6" objectives started
==============================================

==============================================
[04/09/2026, 18:33:08] [INFO]
----------------------------------------------
[RENDERER] [quest-editor] objective "read-brief" is listening for Mail.Read
==============================================

==============================================
[04/09/2026, 18:33:08] [INFO]
----------------------------------------------
[RENDERER] [quest-editor] objective "identify-target" is listening for Terminal.Lynx.Search
==============================================

==============================================
[04/09/2026, 18:33:08] [INFO]
----------------------------------------------
[RENDERER] [quest-editor] objective "find-server" is listening for Terminal.Whois
==============================================

==============================================
[04/09/2026, 18:33:08] [INFO]
----------------------------------------------
[RENDERER] [quest-editor] objective "scan-server" is listening for Terminal.NmapScan
==============================================

==============================================
[04/09/2026, 18:33:08] [INFO]
----------------------------------------------
[RENDERER] [quest-editor] objective "get-in" is listening for Metasploit.Meterpreter.Connected
==============================================

==============================================
[04/09/2026, 18:33:08] [INFO]
----------------------------------------------
[RENDERER] [quest-editor] objective "take-manifest" is listening for Terminal.SSH.FileDownload
==============================================

==============================================
[04/09/2026, 18:33:08] [INFO]
----------------------------------------------
[RENDERER] [quest-editor] objective "send-manifest" is listening for Mail.Sent
==============================================

==============================================
[04/09/2026, 18:33:18] [INFO]
----------------------------------------------
[RENDERER] [quest-editor] objective "read-brief" completed by Mail.Read
==============================================

==============================================
[04/09/2026, 18:33:18] [INFO]
----------------------------------------------
[RENDERER] [quest-editor] reached "OnComplete-Objective-ReadBrief" | event: { id="ZwGQQbOn8h", from="d.okonkwo@nullpost.io", to="bkelso@gomail.com", subject="One file, quietly", content="A shipping firm called Harbourline is running containers ...", sentAt="1788539588124", metadata=undefined } | saved: { targetIp="158.97.133.56" }
==============================================

==============================================
[04/09/2026, 18:33:23] [INFO]
----------------------------------------------
[RENDERER] [quest-editor] objective "identify-target" completed by Terminal.Lynx.Search
==============================================

==============================================
[04/09/2026, 18:33:23] [INFO]
----------------------------------------------
[RENDERER] [quest-editor] reached "OnComplete-Objective-IdentifyTarget" | event: "Yusuf Demir" | saved: { targetIp="158.97.133.56" }
==============================================

==============================================
[04/09/2026, 18:33:23] [WARN]
----------------------------------------------
[RENDERER] [CompleteObjective] Objective "identify-target" already completed (in-memory) for quest rWE7n9B57y
==============================================

==============================================
[04/09/2026, 18:33:49] [INFO]
----------------------------------------------
[RENDERER] [quest-editor] objective "find-server" completed by Terminal.Whois
==============================================

==============================================
[04/09/2026, 18:33:49] [INFO]
----------------------------------------------
[RENDERER] [quest-editor] reached "OnComplete-Objective-FindServer" | event: { domain="harbourline-logistics.com", whois={object} } | saved: { targetIp="158.97.133.56" }
==============================================

==============================================
[04/09/2026, 18:33:49] [WARN]
----------------------------------------------
[RENDERER] [CompleteObjective] Objective "find-server" already completed (in-memory) for quest rWE7n9B57y
==============================================

==============================================
[04/09/2026, 18:34:10] [INFO]
----------------------------------------------
[RENDERER] [quest-editor] objective "scan-server" completed by Terminal.NmapScan
==============================================

==============================================
[04/09/2026, 18:34:10] [INFO]
----------------------------------------------
[RENDERER] [quest-editor] reached "OnComplete-Objective-ScanServer" | event: { ip="158.97.133.56", versionScan="true" } | saved: { targetIp="158.97.133.56" }
==============================================

==============================================
[04/09/2026, 18:34:10] [WARN]
----------------------------------------------
[RENDERER] [CompleteObjective] Objective "scan-server" already completed (in-memory) for quest rWE7n9B57y
==============================================

==============================================
  APPLICATION CLOSING
  Time: 04/09/2026, 18:34:26
==============================================

==============================================
  HACKHUB LOG FILE
  Started: 04/09/2026, 19:32:29
  Version: 1.1.2
  Platform: win32
  Arch: x64
==============================================


==============================================
[04/09/2026, 19:32:29] [INFO]
----------------------------------------------
Steamworks initalized: Zeis [ZF] - 76561197976480835
==============================================

==============================================
[04/09/2026, 19:32:29] [INFO]
----------------------------------------------
[WorkshopController] initialized with appId: 2980270
==============================================

==============================================
[04/09/2026, 19:32:30] [INFO]
----------------------------------------------
[RENDERER] [Markdown Note Editor] Mod loaded.
==============================================

==============================================
[04/09/2026, 19:32:30] [INFO]
----------------------------------------------
[RENDERER] [quest-editor] The Harbour Manifest7 v7.0.0 loaded (editor build 2026-09-04.r76).
==============================================

==============================================
[04/09/2026, 19:32:30] [INFO]
----------------------------------------------
[RENDERER] [nemesis-protocol-stage1] Nemesis Protocol loaded. The mission is waiting in the HackHub feed.
==============================================

==============================================
[04/09/2026, 19:32:30] [INFO]
----------------------------------------------
[RENDERER] Custom Browser mod loaded with ordered categories!
==============================================

==============================================
[04/09/2026, 19:32:30] [INFO]
----------------------------------------------
[RENDERER] RetroArcade v1.0.0 loaded!
==============================================

==============================================
[04/09/2026, 19:32:30] [INFO]
----------------------------------------------
[RENDERER] [darknet-tree] Darknet-Tree loaded! Check the App Store for NotePad.
==============================================

==============================================
[04/09/2026, 19:32:30] [INFO]
----------------------------------------------
[RENDERER] [synthetik-wallet] Synthetik Wallet loaded! Find it in the App Store.
==============================================

==============================================
[04/09/2026, 19:32:30] [INFO]
----------------------------------------------
[RENDERER] [GhostLink] v1.0.2 loaded
==============================================

==============================================
[04/09/2026, 19:32:30] [INFO]
----------------------------------------------
[RENDERER] [python-is-python3] Mod loaded! Run: apt-get install python-is-python3
==============================================

==============================================
[04/09/2026, 19:32:30] [INFO]
----------------------------------------------
[RENDERER] Lockchain Wallet mod loaded: websites, phone wallet, marketplace, miner, and isolated RPC registered.
==============================================

==============================================
[04/09/2026, 19:32:30] [INFO]
----------------------------------------------
[RENDERER] [Fishception] biological daemon loaded
==============================================

==============================================
[04/09/2026, 19:32:30] [INFO]
----------------------------------------------
[RENDERER] [Beginner Handbook+] Registered 109 handbook pages without title prefixes. Language: en.
==============================================

==============================================
[04/09/2026, 19:32:30] [INFO]
----------------------------------------------
[RENDERER] [vault-manager] Vault Manager loaded — password vault & sticky notes ready.
==============================================

==============================================
[04/09/2026, 19:32:30] [ERROR]
----------------------------------------------
(node:5968) [DEP0169] DeprecationWarning: `url.parse()` behavior is not standardized and prone to errors that have security implications. Use the WHATWG URL API instead. CVEs are not issued for `url.parse()` vulnerabilities.
(Use `Hackhub --trace-deprecation ...` to show where the warning was created)
==============================================

==============================================
[04/09/2026, 19:32:31] [WARN]
----------------------------------------------
[Network] POST https://gateway.hotbunny.dev/hackhub/auth/steam/challenge failed after 801ms: ERR_BAD_REQUEST Request failed with status code 429
==============================================

==============================================
[04/09/2026, 19:32:31] [WARN]
----------------------------------------------
[Network] POST https://gateway.hotbunny.dev/hackhub/auth/steam/challenge failed after 234ms: ERR_BAD_REQUEST Request failed with status code 429
==============================================

==============================================
[04/09/2026, 19:32:42] [WARN]
----------------------------------------------
[RENDERER] [CompleteObjective] Objective "open_email" already completed (in-memory) for quest pFjtJ795zG
==============================================

==============================================
[04/09/2026, 19:32:42] [WARN]
----------------------------------------------
[RENDERER] [CompleteObjective] Objective "open_bank" already completed (in-memory) for quest pFjtJ795zG
==============================================

==============================================
[04/09/2026, 19:32:43] [INFO]
----------------------------------------------
[RENDERER] [quest-editor] quest "TheHarbourManifest7" started (1 entry point)
==============================================

==============================================
[04/09/2026, 19:32:43] [INFO]
----------------------------------------------
[RENDERER] [quest-editor] mail "One file, quietly" sent via Mail.send
==============================================

==============================================
[04/09/2026, 19:32:43] [INFO]
----------------------------------------------
[RENDERER] [quest-editor] reached "Out-Dialogue-OneFileQuietly" | event: (none - not reached from a trigger) | saved: { targetIp="151.191.252.92" }
==============================================

==============================================
[04/09/2026, 19:32:43] [INFO]
----------------------------------------------
[RENDERER] [quest-editor] reached "Out-ToolResponse-Whois" | event: (none - not reached from a trigger) | saved: { targetIp="151.191.252.92" }
==============================================

==============================================
[04/09/2026, 19:32:43] [INFO]
----------------------------------------------
[RENDERER] [quest-editor] reached "Out-ToolResponse-Lynx" | event: (none - not reached from a trigger) | saved: { targetIp="151.191.252.92" }
==============================================

==============================================
[04/09/2026, 19:32:43] [INFO]
----------------------------------------------
[RENDERER] [quest-editor] reached "Out-CreateNetwork-HarbourFileserver" | event: (none - not reached from a trigger) | saved: { targetIp="151.191.252.92" }
==============================================

==============================================
[04/09/2026, 19:32:43] [INFO]
----------------------------------------------
[RENDERER] [quest-editor] quest "TheHarbourManifest7" objectives started
==============================================

==============================================
[04/09/2026, 19:32:43] [INFO]
----------------------------------------------
[RENDERER] [quest-editor] objective "read-brief" is listening for Mail.Read
==============================================

==============================================
[04/09/2026, 19:32:43] [INFO]
----------------------------------------------
[RENDERER] [quest-editor] objective "identify-target" is listening for Terminal.Lynx.Search
==============================================

==============================================
[04/09/2026, 19:32:43] [INFO]
----------------------------------------------
[RENDERER] [quest-editor] objective "find-server" is listening for Terminal.Whois
==============================================

==============================================
[04/09/2026, 19:32:43] [INFO]
----------------------------------------------
[RENDERER] [quest-editor] objective "scan-server" is listening for Terminal.NmapScan
==============================================

==============================================
[04/09/2026, 19:32:43] [INFO]
----------------------------------------------
[RENDERER] [quest-editor] objective "get-in" is listening for Metasploit.Meterpreter.Connected
==============================================

==============================================
[04/09/2026, 19:32:43] [INFO]
----------------------------------------------
[RENDERER] [quest-editor] objective "take-manifest" is listening for Terminal.SSH.FileDownload
==============================================

==============================================
[04/09/2026, 19:32:43] [INFO]
----------------------------------------------
[RENDERER] [quest-editor] objective "send-manifest" is listening for Mail.Sent
==============================================

==============================================
  APPLICATION CLOSING
  Time: 04/09/2026, 19:33:36
==============================================

==============================================
  APPLICATION CLOSING
  Time: 04/09/2026, 19:33:36
==============================================

==============================================
  HACKHUB LOG FILE
  Started: 04/09/2026, 19:34:07
  Version: 1.1.2
  Platform: win32
  Arch: x64
==============================================


==============================================
[04/09/2026, 19:34:07] [INFO]
----------------------------------------------
Steamworks initalized: Zeis [ZF] - 76561197976480835
==============================================

==============================================
[04/09/2026, 19:34:07] [INFO]
----------------------------------------------
[WorkshopController] initialized with appId: 2980270
==============================================

==============================================
[04/09/2026, 19:34:08] [INFO]
----------------------------------------------
[RENDERER] [Markdown Note Editor] Mod loaded.
==============================================

==============================================
[04/09/2026, 19:34:08] [INFO]
----------------------------------------------
[RENDERER] [quest-editor] The Harbour Manifest7 v7.0.0 loaded (editor build 2026-09-04.r76).
==============================================

==============================================
[04/09/2026, 19:34:08] [INFO]
----------------------------------------------
[RENDERER] [nemesis-protocol-stage1] Nemesis Protocol loaded. The mission is waiting in the HackHub feed.
==============================================

==============================================
[04/09/2026, 19:34:08] [INFO]
----------------------------------------------
[RENDERER] Custom Browser mod loaded with ordered categories!
==============================================

==============================================
[04/09/2026, 19:34:08] [INFO]
----------------------------------------------
[RENDERER] RetroArcade v1.0.0 loaded!
==============================================

==============================================
[04/09/2026, 19:34:08] [INFO]
----------------------------------------------
[RENDERER] [darknet-tree] Darknet-Tree loaded! Check the App Store for NotePad.
==============================================

==============================================
[04/09/2026, 19:34:08] [INFO]
----------------------------------------------
[RENDERER] [synthetik-wallet] Synthetik Wallet loaded! Find it in the App Store.
==============================================

==============================================
[04/09/2026, 19:34:08] [INFO]
----------------------------------------------
[RENDERER] [GhostLink] v1.0.2 loaded
==============================================

==============================================
[04/09/2026, 19:34:08] [INFO]
----------------------------------------------
[RENDERER] [python-is-python3] Mod loaded! Run: apt-get install python-is-python3
==============================================

==============================================
[04/09/2026, 19:34:08] [INFO]
----------------------------------------------
[RENDERER] Lockchain Wallet mod loaded: websites, phone wallet, marketplace, miner, and isolated RPC registered.
==============================================

==============================================
[04/09/2026, 19:34:08] [INFO]
----------------------------------------------
[RENDERER] [Fishception] biological daemon loaded
==============================================

==============================================
[04/09/2026, 19:34:08] [INFO]
----------------------------------------------
[RENDERER] [Beginner Handbook+] Registered 109 handbook pages without title prefixes. Language: en.
==============================================

==============================================
[04/09/2026, 19:34:08] [INFO]
----------------------------------------------
[RENDERER] [vault-manager] Vault Manager loaded — password vault & sticky notes ready.
==============================================

==============================================
[04/09/2026, 19:34:08] [ERROR]
----------------------------------------------
(node:35456) [DEP0169] DeprecationWarning: `url.parse()` behavior is not standardized and prone to errors that have security implications. Use the WHATWG URL API instead. CVEs are not issued for `url.parse()` vulnerabilities.
(Use `Hackhub --trace-deprecation ...` to show where the warning was created)
==============================================

==============================================
[04/09/2026, 19:34:15] [WARN]
----------------------------------------------
[RENDERER] [CompleteObjective] Objective "open_email" already completed (in-memory) for quest pFjtJ795zG
==============================================

==============================================
[04/09/2026, 19:34:15] [WARN]
----------------------------------------------
[RENDERER] [CompleteObjective] Objective "open_bank" already completed (in-memory) for quest pFjtJ795zG
==============================================

==============================================
[04/09/2026, 19:34:15] [INFO]
----------------------------------------------
[RENDERER] [quest-editor] quest "TheHarbourManifest7" objectives started
==============================================

==============================================
[04/09/2026, 19:34:15] [INFO]
----------------------------------------------
[RENDERER] [quest-editor] objective "read-brief" is listening for Mail.Read
==============================================

==============================================
[04/09/2026, 19:34:15] [INFO]
----------------------------------------------
[RENDERER] [quest-editor] objective "identify-target" is listening for Terminal.Lynx.Search
==============================================

==============================================
[04/09/2026, 19:34:15] [INFO]
----------------------------------------------
[RENDERER] [quest-editor] objective "find-server" is listening for Terminal.Whois
==============================================

==============================================
[04/09/2026, 19:34:15] [INFO]
----------------------------------------------
[RENDERER] [quest-editor] objective "scan-server" is listening for Terminal.NmapScan
==============================================

==============================================
[04/09/2026, 19:34:15] [INFO]
----------------------------------------------
[RENDERER] [quest-editor] objective "get-in" is listening for Metasploit.Meterpreter.Connected
==============================================

==============================================
[04/09/2026, 19:34:15] [INFO]
----------------------------------------------
[RENDERER] [quest-editor] objective "take-manifest" is listening for Terminal.SSH.FileDownload
==============================================

==============================================
[04/09/2026, 19:34:15] [INFO]
----------------------------------------------
[RENDERER] [quest-editor] objective "send-manifest" is listening for Mail.Sent
==============================================

==============================================
[04/09/2026, 19:34:27] [INFO]
----------------------------------------------
[RENDERER] [quest-editor] objective "read-brief" completed by Mail.Read
==============================================

==============================================
[04/09/2026, 19:34:27] [INFO]
----------------------------------------------
[RENDERER] [quest-editor] reached "OnComplete-Objective-ReadBrief" | event: { id="ztI4o1Y1WZ", from="d.okonkwo@nullpost.io", to="bkelso@gomail.com", subject="One file, quietly", content="A shipping firm called Harbourline is running containers ...", sentAt="1788543163025", metadata=undefined } | saved: { targetIp="151.191.252.92" }
==============================================

==============================================
[04/09/2026, 19:34:33] [INFO]
----------------------------------------------
[RENDERER] [quest-editor] objective "identify-target" completed by Terminal.Lynx.Search
==============================================

==============================================
[04/09/2026, 19:34:33] [INFO]
----------------------------------------------
[RENDERER] [quest-editor] reached "OnComplete-Objective-IdentifyTarget" | event: "Yusuf Demir" | saved: { targetIp="151.191.252.92" }
==============================================

==============================================
[04/09/2026, 19:34:33] [WARN]
----------------------------------------------
[RENDERER] [CompleteObjective] Objective "identify-target" already completed (in-memory) for quest Buruabsxx9
==============================================

==============================================
[04/09/2026, 19:34:59] [INFO]
----------------------------------------------
[RENDERER] [quest-editor] objective "find-server" completed by Terminal.Whois
==============================================

==============================================
[04/09/2026, 19:34:59] [INFO]
----------------------------------------------
[RENDERER] [quest-editor] reached "OnComplete-Objective-FindServer" | event: { domain="harbourline-logistics.com", whois={object} } | saved: { targetIp="151.191.252.92" }
==============================================

==============================================
[04/09/2026, 19:34:59] [WARN]
----------------------------------------------
[RENDERER] [CompleteObjective] Objective "find-server" already completed (in-memory) for quest Buruabsxx9
==============================================

==============================================
[04/09/2026, 19:35:07] [INFO]
----------------------------------------------
[RENDERER] [quest-editor] objective "scan-server" completed by Terminal.NmapScan
==============================================

==============================================
[04/09/2026, 19:35:07] [INFO]
----------------------------------------------
[RENDERER] [quest-editor] reached "OnComplete-Objective-ScanServer" | event: { ip="151.191.252.92", versionScan="true" } | saved: { targetIp="151.191.252.92" }
==============================================

==============================================
[04/09/2026, 19:35:07] [WARN]
----------------------------------------------
[RENDERER] [CompleteObjective] Objective "scan-server" already completed (in-memory) for quest Buruabsxx9
==============================================

==============================================
  APPLICATION CLOSING
  Time: 04/09/2026, 19:35:24
==============================================

==============================================
  APPLICATION CLOSING
  Time: 04/09/2026, 19:35:24
==============================================

==============================================
  HACKHUB LOG FILE
  Started: 04/09/2026, 19:55:36
  Version: 1.1.2
  Platform: win32
  Arch: x64
==============================================


==============================================
[04/09/2026, 19:55:36] [INFO]
----------------------------------------------
Steamworks initalized: Zeis [ZF] - 76561197976480835
==============================================

==============================================
[04/09/2026, 19:55:36] [INFO]
----------------------------------------------
[WorkshopController] initialized with appId: 2980270
==============================================

==============================================
[04/09/2026, 19:55:37] [INFO]
----------------------------------------------
[RENDERER] [Markdown Note Editor] Mod loaded.
==============================================

==============================================
[04/09/2026, 19:55:37] [INFO]
----------------------------------------------
[RENDERER] [quest-editor] The Harbour Manifest8 v8.0.0 loaded (editor build 2026-09-04.r77).
==============================================

==============================================
[04/09/2026, 19:55:37] [INFO]
----------------------------------------------
[RENDERER] [nemesis-protocol-stage1] Nemesis Protocol loaded. The mission is waiting in the HackHub feed.
==============================================

==============================================
[04/09/2026, 19:55:37] [INFO]
----------------------------------------------
[RENDERER] Custom Browser mod loaded with ordered categories!
==============================================

==============================================
[04/09/2026, 19:55:37] [INFO]
----------------------------------------------
[RENDERER] RetroArcade v1.0.0 loaded!
==============================================

==============================================
[04/09/2026, 19:55:37] [INFO]
----------------------------------------------
[RENDERER] [darknet-tree] Darknet-Tree loaded! Check the App Store for NotePad.
==============================================

==============================================
[04/09/2026, 19:55:37] [INFO]
----------------------------------------------
[RENDERER] [synthetik-wallet] Synthetik Wallet loaded! Find it in the App Store.
==============================================

==============================================
[04/09/2026, 19:55:37] [INFO]
----------------------------------------------
[RENDERER] [GhostLink] v1.0.2 loaded
==============================================

==============================================
[04/09/2026, 19:55:37] [INFO]
----------------------------------------------
[RENDERER] [python-is-python3] Mod loaded! Run: apt-get install python-is-python3
==============================================

==============================================
[04/09/2026, 19:55:37] [INFO]
----------------------------------------------
[RENDERER] Lockchain Wallet mod loaded: websites, phone wallet, marketplace, miner, and isolated RPC registered.
==============================================

==============================================
[04/09/2026, 19:55:37] [INFO]
----------------------------------------------
[RENDERER] [Fishception] biological daemon loaded
==============================================

==============================================
[04/09/2026, 19:55:37] [INFO]
----------------------------------------------
[RENDERER] [Beginner Handbook+] Registered 109 handbook pages without title prefixes. Language: en.
==============================================

==============================================
[04/09/2026, 19:55:37] [INFO]
----------------------------------------------
[RENDERER] [vault-manager] Vault Manager loaded — password vault & sticky notes ready.
==============================================

==============================================
[04/09/2026, 19:55:37] [ERROR]
----------------------------------------------
(node:36524) [DEP0169] DeprecationWarning: `url.parse()` behavior is not standardized and prone to errors that have security implications. Use the WHATWG URL API instead. CVEs are not issued for `url.parse()` vulnerabilities.
(Use `Hackhub --trace-deprecation ...` to show where the warning was created)
==============================================

==============================================
[04/09/2026, 19:55:46] [WARN]
----------------------------------------------
[RENDERER] [PruneOrphanQuests] Dropping "TheHarbourManifest7" (Buruabsxx9): no installed content defines it.
==============================================

==============================================
[04/09/2026, 19:55:46] [WARN]
----------------------------------------------
[RENDERER] [CompleteObjective] Objective "open_email" already completed (in-memory) for quest pFjtJ795zG
==============================================

==============================================
[04/09/2026, 19:55:46] [WARN]
----------------------------------------------
[RENDERER] [CompleteObjective] Objective "open_bank" already completed (in-memory) for quest pFjtJ795zG
==============================================

==============================================
[04/09/2026, 19:55:46] [INFO]
----------------------------------------------
[RENDERER] [quest-editor] quest "TheHarbourManifest8" started (1 entry point)
==============================================

==============================================
[04/09/2026, 19:55:46] [INFO]
----------------------------------------------
[RENDERER] [quest-editor] domain "harbourline-logistics.com" is already registered to 151.191.252.92, and this mod has no record of creating it - so it belongs to the base game or another mod. Leaving it alone: this quest's server at 31.76.97.180 will NOT answer to that name. Pick a domain name nothing else uses.
==============================================

==============================================
[04/09/2026, 19:55:46] [INFO]
----------------------------------------------
[RENDERER] [quest-editor] mail "One file, quietly" sent via Mail.send
==============================================

==============================================
[04/09/2026, 19:55:46] [INFO]
----------------------------------------------
[RENDERER] [quest-editor] reached "Out-Dialogue-OneFileQuietly" | event: (none - not reached from a trigger) | saved: { targetIp="31.76.97.180", gatewayIp="47.94.37.195" }
==============================================

==============================================
[04/09/2026, 19:55:46] [INFO]
----------------------------------------------
[RENDERER] [quest-editor] reached "Out-ToolResponse-Whois" | event: (none - not reached from a trigger) | saved: { targetIp="31.76.97.180", gatewayIp="47.94.37.195" }
==============================================

==============================================
[04/09/2026, 19:55:46] [INFO]
----------------------------------------------
[RENDERER] [quest-editor] reached "Out-ToolResponse-Lynx" | event: (none - not reached from a trigger) | saved: { targetIp="31.76.97.180", gatewayIp="47.94.37.195" }
==============================================

==============================================
[04/09/2026, 19:55:46] [INFO]
----------------------------------------------
[RENDERER] [quest-editor] reached "Out-CreateNetwork-HarbourFileserver" | event: (none - not reached from a trigger) | saved: { targetIp="31.76.97.180", gatewayIp="47.94.37.195" }
==============================================

==============================================
[04/09/2026, 19:55:46] [INFO]
----------------------------------------------
[RENDERER] [quest-editor] reached "Out-QuestStart" | event: (none - not reached from a trigger) | saved: { targetIp="31.76.97.180", gatewayIp="47.94.37.195" }
==============================================

==============================================
[04/09/2026, 19:55:46] [INFO]
----------------------------------------------
[RENDERER] [quest-editor] quest "TheHarbourManifest8" objectives started
==============================================

==============================================
[04/09/2026, 19:55:46] [INFO]
----------------------------------------------
[RENDERER] [quest-editor] objective "read-brief" is listening for Mail.Read
==============================================

==============================================
[04/09/2026, 19:55:46] [INFO]
----------------------------------------------
[RENDERER] [quest-editor] objective "identify-target" is listening for Terminal.Lynx.Search
==============================================

==============================================
[04/09/2026, 19:55:46] [INFO]
----------------------------------------------
[RENDERER] [quest-editor] objective "find-server" is listening for Terminal.Whois
==============================================

==============================================
[04/09/2026, 19:55:46] [INFO]
----------------------------------------------
[RENDERER] [quest-editor] objective "scan-server" is listening for Terminal.NmapScan
==============================================

==============================================
[04/09/2026, 19:55:46] [INFO]
----------------------------------------------
[RENDERER] [quest-editor] objective "get-in" is listening for Metasploit.Meterpreter.Connected
==============================================

==============================================
[04/09/2026, 19:55:46] [INFO]
----------------------------------------------
[RENDERER] [quest-editor] objective "take-manifest" is listening for Terminal.SSH.FileDownload
==============================================

==============================================
[04/09/2026, 19:55:46] [INFO]
----------------------------------------------
[RENDERER] [quest-editor] objective "send-manifest" is listening for Mail.Sent
==============================================

==============================================
[04/09/2026, 19:55:57] [INFO]
----------------------------------------------
[RENDERER] [quest-editor] objective "read-brief" completed by Mail.Read
==============================================

==============================================
[04/09/2026, 19:55:57] [INFO]
----------------------------------------------
[RENDERER] [quest-editor] reached "OnComplete-Objective-ReadBrief" | event: { id="kdCephhMPY", from="d.okonkwo@nullpost.io", to="bkelso@gomail.com", subject="One file, quietly", content="A shipping firm called Harbourline is running containers ...", sentAt="1788544546259", metadata=undefined } | saved: { targetIp="31.76.97.180", gatewayIp="47.94.37.195" }
==============================================

==============================================
[04/09/2026, 19:56:05] [INFO]
----------------------------------------------
[RENDERER] [quest-editor] objective "identify-target" completed by Terminal.Lynx.Search
==============================================

==============================================
[04/09/2026, 19:56:05] [INFO]
----------------------------------------------
[RENDERER] [quest-editor] reached "OnComplete-Objective-IdentifyTarget" | event: "Yusuf Demir" | saved: { targetIp="31.76.97.180", gatewayIp="47.94.37.195" }
==============================================

==============================================
[04/09/2026, 19:56:05] [WARN]
----------------------------------------------
[RENDERER] [CompleteObjective] Objective "identify-target" already completed (in-memory) for quest 5IbavjscXF
==============================================

==============================================
[04/09/2026, 19:58:22] [INFO]
----------------------------------------------
[RENDERER] [quest-editor] objective "find-server" completed by Terminal.Whois
==============================================

==============================================
[04/09/2026, 19:58:22] [INFO]
----------------------------------------------
[RENDERER] [quest-editor] reached "OnComplete-Objective-FindServer" | event: { domain="harbourline-logistics.com", whois={object} } | saved: { targetIp="31.76.97.180", gatewayIp="47.94.37.195" }
==============================================

==============================================
[04/09/2026, 19:58:22] [WARN]
----------------------------------------------
[RENDERER] [CompleteObjective] Objective "find-server" already completed (in-memory) for quest 5IbavjscXF
==============================================

==============================================
[04/09/2026, 19:58:30] [INFO]
----------------------------------------------
[RENDERER] [quest-editor] objective "scan-server" completed by Terminal.NmapScan
==============================================

==============================================
[04/09/2026, 19:58:30] [INFO]
----------------------------------------------
[RENDERER] [quest-editor] reached "OnComplete-Objective-ScanServer" | event: { ip="31.76.97.180", versionScan="true" } | saved: { targetIp="31.76.97.180", gatewayIp="47.94.37.195" }
==============================================

==============================================
[04/09/2026, 19:58:30] [WARN]
----------------------------------------------
[RENDERER] [CompleteObjective] Objective "scan-server" already completed (in-memory) for quest 5IbavjscXF
==============================================

==============================================
[04/09/2026, 20:02:14] [WARN]
----------------------------------------------
[RENDERER] [CompleteObjective] Objective "take-manifest" locked by unlocksAfter; queued as pending for quest 5IbavjscXF
==============================================

==============================================
[04/09/2026, 20:02:14] [INFO]
----------------------------------------------
[RENDERER] [quest-editor] objective "take-manifest" completed by Terminal.SSH.FileDownload
==============================================

==============================================
[04/09/2026, 20:02:14] [INFO]
----------------------------------------------
[RENDERER] [quest-editor] reached "OnComplete-Objective-TakeManifest" | event: { name="manifest_q4", extension="csv", data="container,origin,declared,actual,consignee\nHLX-4471,Rotte...", parent="vDb6Xu3u9r", id="zRRFH1Wdly", locked=undefined, position={object}, deleteable=undefined, remote=undefined } | saved: { targetIp="31.76.97.180", gatewayIp="47.94.37.195" }
==============================================

==============================================
[04/09/2026, 20:02:14] [WARN]
----------------------------------------------
[RENDERER] [CompleteObjective] Objective "take-manifest" locked by unlocksAfter; queued as pending for quest 5IbavjscXF
==============================================

==============================================
[04/09/2026, 20:07:00] [WARN]
----------------------------------------------
[RENDERER] [CompleteObjective] Objective "send-manifest" locked by unlocksAfter; queued as pending for quest 5IbavjscXF
==============================================

==============================================
[04/09/2026, 20:07:00] [INFO]
----------------------------------------------
[RENDERER] [quest-editor] objective "send-manifest" completed by Mail.Sent
==============================================

==============================================
[04/09/2026, 20:07:00] [INFO]
----------------------------------------------
[RENDERER] [quest-editor] mail "Received" sent via Mail.send
==============================================

==============================================
[04/09/2026, 20:07:00] [INFO]
----------------------------------------------
[RENDERER] [quest-editor] reached "Out-PayThePlayer" | event: { id="37yzebcSMo", from="bkelso@gomail.com", to="d.okonkwo@nullpost.io", subject="File", content="Here's the file you requested", sentAt="1788545220372", metadata=undefined } | saved: { targetIp="31.76.97.180", gatewayIp="47.94.37.195" }
==============================================

==============================================
[04/09/2026, 20:07:00] [INFO]
----------------------------------------------
[RENDERER] [quest-editor] reached "Out-Dialogue-Received" | event: { id="37yzebcSMo", from="bkelso@gomail.com", to="d.okonkwo@nullpost.io", subject="File", content="Here's the file you requested", sentAt="1788545220372", metadata=undefined } | saved: { targetIp="31.76.97.180", gatewayIp="47.94.37.195" }
==============================================

==============================================
[04/09/2026, 20:07:00] [INFO]
----------------------------------------------
[RENDERER] [quest-editor] reached "OnComplete-Objective-SendManifest" | event: { id="37yzebcSMo", from="bkelso@gomail.com", to="d.okonkwo@nullpost.io", subject="File", content="Here's the file you requested", sentAt="1788545220372", metadata=undefined } | saved: { targetIp="31.76.97.180", gatewayIp="47.94.37.195" }
==============================================

==============================================
[04/09/2026, 20:07:00] [WARN]
----------------------------------------------
[RENDERER] [CompleteObjective] Objective "send-manifest" locked by unlocksAfter; queued as pending for quest 5IbavjscXF
==============================================

==============================================
[04/09/2026, 20:09:37] [WARN]
----------------------------------------------
[Network] POST https://gateway.hotbunny.dev/hackhub/auth/steam/challenge failed after 543ms: ERR_BAD_REQUEST Request failed with status code 429
==============================================

==============================================
[04/09/2026, 20:09:38] [WARN]
----------------------------------------------
[Network] POST https://gateway.hotbunny.dev/hackhub/auth/steam/challenge failed after 231ms: ERR_BAD_REQUEST Request failed with status code 429
==============================================

==============================================
[04/09/2026, 20:09:39] [WARN]
----------------------------------------------
[Network] POST https://gateway.hotbunny.dev/hackhub/auth/steam/challenge failed after 224ms: ERR_BAD_REQUEST Request failed with status code 429
==============================================

==============================================
  APPLICATION CLOSING
  Time: 04/09/2026, 20:09:41
==============================================

==============================================
  APPLICATION CLOSING
  Time: 04/09/2026, 20:09:41
==============================================

==============================================
  HACKHUB LOG FILE
  Started: 04/09/2026, 20:43:20
  Version: 1.1.2
  Platform: win32
  Arch: x64
==============================================


==============================================
[04/09/2026, 20:43:20] [INFO]
----------------------------------------------
Steamworks initalized: Zeis [ZF] - 76561197976480835
==============================================

==============================================
[04/09/2026, 20:43:20] [INFO]
----------------------------------------------
[WorkshopController] initialized with appId: 2980270
==============================================

==============================================
[04/09/2026, 20:43:21] [INFO]
----------------------------------------------
[RENDERER] [Markdown Note Editor] Mod loaded.
==============================================

==============================================
[04/09/2026, 20:43:21] [INFO]
----------------------------------------------
[RENDERER] [quest-editor] The Harbour Manifest9 v9.0.0 loaded (editor build 2026-09-04.r78).
==============================================

==============================================
[04/09/2026, 20:43:21] [INFO]
----------------------------------------------
[RENDERER] [nemesis-protocol-stage1] Nemesis Protocol loaded. The mission is waiting in the HackHub feed.
==============================================

==============================================
[04/09/2026, 20:43:21] [INFO]
----------------------------------------------
[RENDERER] Custom Browser mod loaded with ordered categories!
==============================================

==============================================
[04/09/2026, 20:43:21] [INFO]
----------------------------------------------
[RENDERER] RetroArcade v1.0.0 loaded!
==============================================

==============================================
[04/09/2026, 20:43:21] [INFO]
----------------------------------------------
[RENDERER] [darknet-tree] Darknet-Tree loaded! Check the App Store for NotePad.
==============================================

==============================================
[04/09/2026, 20:43:21] [INFO]
----------------------------------------------
[RENDERER] [synthetik-wallet] Synthetik Wallet loaded! Find it in the App Store.
==============================================

==============================================
[04/09/2026, 20:43:21] [INFO]
----------------------------------------------
[RENDERER] [GhostLink] v1.0.2 loaded
==============================================

==============================================
[04/09/2026, 20:43:21] [INFO]
----------------------------------------------
[RENDERER] [python-is-python3] Mod loaded! Run: apt-get install python-is-python3
==============================================

==============================================
[04/09/2026, 20:43:21] [INFO]
----------------------------------------------
[RENDERER] Lockchain Wallet mod loaded: websites, phone wallet, marketplace, miner, and isolated RPC registered.
==============================================

==============================================
[04/09/2026, 20:43:21] [INFO]
----------------------------------------------
[RENDERER] [Fishception] biological daemon loaded
==============================================

==============================================
[04/09/2026, 20:43:21] [INFO]
----------------------------------------------
[RENDERER] [Beginner Handbook+] Registered 109 handbook pages without title prefixes. Language: en.
==============================================

==============================================
[04/09/2026, 20:43:21] [INFO]
----------------------------------------------
[RENDERER] [vault-manager] Vault Manager loaded — password vault & sticky notes ready.
==============================================

==============================================
[04/09/2026, 20:43:21] [ERROR]
----------------------------------------------
(node:22080) [DEP0169] DeprecationWarning: `url.parse()` behavior is not standardized and prone to errors that have security implications. Use the WHATWG URL API instead. CVEs are not issued for `url.parse()` vulnerabilities.
(Use `Hackhub --trace-deprecation ...` to show where the warning was created)
==============================================

==============================================
[04/09/2026, 20:43:24] [WARN]
----------------------------------------------
[Network] POST https://gateway.hotbunny.dev/hackhub/auth/steam failed after 235ms: ERR_BAD_REQUEST Request failed with status code 429
==============================================

==============================================
[04/09/2026, 20:43:24] [WARN]
----------------------------------------------
[Network] POST https://gateway.hotbunny.dev/hackhub/auth/steam/challenge failed after 229ms: ERR_BAD_REQUEST Request failed with status code 429
==============================================

==============================================
[04/09/2026, 20:43:30] [WARN]
----------------------------------------------
[RENDERER] [PruneOrphanQuests] Dropping "TheHarbourManifest8" (5IbavjscXF): no installed content defines it.
==============================================

==============================================
[04/09/2026, 20:43:30] [WARN]
----------------------------------------------
[RENDERER] [CompleteObjective] Objective "open_email" already completed (in-memory) for quest pFjtJ795zG
==============================================

==============================================
[04/09/2026, 20:43:30] [WARN]
----------------------------------------------
[RENDERER] [CompleteObjective] Objective "open_bank" already completed (in-memory) for quest pFjtJ795zG
==============================================

==============================================
[04/09/2026, 20:43:31] [INFO]
----------------------------------------------
[RENDERER] [quest-editor] quest "TheHarbourManifest9" started (1 entry point)
==============================================

==============================================
[04/09/2026, 20:43:31] [INFO]
----------------------------------------------
[RENDERER] [quest-editor] domain "harbourline-logistics.com" is already registered to 151.191.252.92, and this mod has no record of creating it - so it belongs to the base game or another mod. Leaving it alone: this quest's server at 157.47.8.56 will NOT answer to that name. Pick a domain name nothing else uses.
==============================================

==============================================
[04/09/2026, 20:43:31] [INFO]
----------------------------------------------
[RENDERER] [quest-editor] mail "One file, quietly" sent via Mail.send
==============================================

==============================================
[04/09/2026, 20:43:31] [INFO]
----------------------------------------------
[RENDERER] [quest-editor] reached "Out-Dialogue-OneFileQuietly" | event: (none - not reached from a trigger) | saved: { targetIp="157.47.8.56", gatewayIp="19.77.75.22" }
==============================================

==============================================
[04/09/2026, 20:43:31] [INFO]
----------------------------------------------
[RENDERER] [quest-editor] reached "Out-ToolResponse-Whois" | event: (none - not reached from a trigger) | saved: { targetIp="157.47.8.56", gatewayIp="19.77.75.22" }
==============================================

==============================================
[04/09/2026, 20:43:31] [INFO]
----------------------------------------------
[RENDERER] [quest-editor] reached "Out-ToolResponse-Lynx" | event: (none - not reached from a trigger) | saved: { targetIp="157.47.8.56", gatewayIp="19.77.75.22" }
==============================================

==============================================
[04/09/2026, 20:43:31] [INFO]
----------------------------------------------
[RENDERER] [quest-editor] reached "Out-CreateNetwork-HarbourFileserver" | event: (none - not reached from a trigger) | saved: { targetIp="157.47.8.56", gatewayIp="19.77.75.22" }
==============================================

==============================================
[04/09/2026, 20:43:31] [INFO]
----------------------------------------------
[RENDERER] [quest-editor] reached "Out-QuestStart" | event: (none - not reached from a trigger) | saved: { targetIp="157.47.8.56", gatewayIp="19.77.75.22" }
==============================================

==============================================
[04/09/2026, 20:43:31] [INFO]
----------------------------------------------
[RENDERER] [quest-editor] quest "TheHarbourManifest9" objectives started
==============================================

==============================================
[04/09/2026, 20:43:31] [INFO]
----------------------------------------------
[RENDERER] [quest-editor] objective "read-brief" is listening for Mail.Read
==============================================

==============================================
[04/09/2026, 20:43:31] [INFO]
----------------------------------------------
[RENDERER] [quest-editor] objective "identify-target" is listening for Terminal.Lynx.Search
==============================================

==============================================
[04/09/2026, 20:43:31] [INFO]
----------------------------------------------
[RENDERER] [quest-editor] objective "find-server" is listening for Terminal.Whois
==============================================

==============================================
[04/09/2026, 20:43:31] [INFO]
----------------------------------------------
[RENDERER] [quest-editor] objective "scan-server" is listening for Terminal.NmapScan
==============================================

==============================================
[04/09/2026, 20:43:31] [INFO]
----------------------------------------------
[RENDERER] [quest-editor] objective "get-in" is listening for Metasploit.Meterpreter.Connected, RemoteConnection.Established, Terminal.SSH.Connected
==============================================

==============================================
[04/09/2026, 20:43:31] [INFO]
----------------------------------------------
[RENDERER] [quest-editor] objective "take-manifest" is listening for Terminal.SSH.FileDownload
==============================================

==============================================
[04/09/2026, 20:43:31] [INFO]
----------------------------------------------
[RENDERER] [quest-editor] objective "send-manifest" is listening for Mail.Sent
==============================================

==============================================
[04/09/2026, 20:43:41] [INFO]
----------------------------------------------
[RENDERER] [quest-editor] objective "read-brief" completed by Mail.Read
==============================================

==============================================
[04/09/2026, 20:43:41] [INFO]
----------------------------------------------
[RENDERER] [quest-editor] reached "OnComplete-Objective-ReadBrief" | event: { id="0FVp2V4CnS", from="d.okonkwo@nullpost.io", to="bkelso@gomail.com", subject="One file, quietly", content="A shipping firm called Harbourline is running containers ...", sentAt="1788547411122", metadata=undefined } | saved: { targetIp="157.47.8.56", gatewayIp="19.77.75.22" }
==============================================

==============================================
[04/09/2026, 20:43:47] [INFO]
----------------------------------------------
[RENDERER] [quest-editor] objective "identify-target" completed by Terminal.Lynx.Search
==============================================

==============================================
[04/09/2026, 20:43:47] [INFO]
----------------------------------------------
[RENDERER] [quest-editor] reached "OnComplete-Objective-IdentifyTarget" | event: "Yusuf Demir" | saved: { targetIp="157.47.8.56", gatewayIp="19.77.75.22" }
==============================================

==============================================
[04/09/2026, 20:43:47] [WARN]
----------------------------------------------
[RENDERER] [CompleteObjective] Objective "identify-target" already completed (in-memory) for quest BzMz7zHuwt
==============================================

==============================================
[04/09/2026, 20:44:24] [INFO]
----------------------------------------------
[RENDERER] [quest-editor] objective "find-server" completed by Terminal.Whois
==============================================

==============================================
[04/09/2026, 20:44:24] [INFO]
----------------------------------------------
[RENDERER] [quest-editor] reached "OnComplete-Objective-FindServer" | event: { domain="harbourline-logistics.com", whois={object} } | saved: { targetIp="157.47.8.56", gatewayIp="19.77.75.22" }
==============================================

==============================================
[04/09/2026, 20:44:24] [WARN]
----------------------------------------------
[RENDERER] [CompleteObjective] Objective "find-server" already completed (in-memory) for quest BzMz7zHuwt
==============================================

==============================================
[04/09/2026, 20:44:31] [INFO]
----------------------------------------------
[RENDERER] [quest-editor] objective "scan-server" completed by Terminal.NmapScan
==============================================

==============================================
[04/09/2026, 20:44:31] [INFO]
----------------------------------------------
[RENDERER] [quest-editor] reached "OnComplete-Objective-ScanServer" | event: { ip="157.47.8.56", versionScan="true" } | saved: { targetIp="157.47.8.56", gatewayIp="19.77.75.22" }
==============================================

==============================================
[04/09/2026, 20:44:31] [WARN]
----------------------------------------------
[RENDERER] [CompleteObjective] Objective "scan-server" already completed (in-memory) for quest BzMz7zHuwt
==============================================

==============================================
[04/09/2026, 20:45:17] [INFO]
----------------------------------------------
[RENDERER] [quest-editor] objective "get-in" completed by RemoteConnection.Established
==============================================

==============================================
[04/09/2026, 20:45:17] [INFO]
----------------------------------------------
[RENDERER] [quest-editor] reached "OnComplete-Objective-GetIn" | event: { targetIp="157.47.8.56", targetPort="22", fromIp="191.76.152.109", user={object}, t="METASPLOIT" } | saved: { targetIp="157.47.8.56", gatewayIp="19.77.75.22" }
==============================================

==============================================
[04/09/2026, 20:45:32] [INFO]
----------------------------------------------
[RENDERER] [quest-editor] objective "take-manifest" completed by Terminal.SSH.FileDownload
==============================================

==============================================
[04/09/2026, 20:45:32] [INFO]
----------------------------------------------
[RENDERER] [quest-editor] reached "OnComplete-Objective-TakeManifest" | event: { name="manifest_q4", extension="csv", data="container,origin,declared,actual,consignee\nHLX-4471,Rotte...", parent="vDb6Xu3u9r", id="0937ONCkHv", locked=undefined, position={object}, deleteable=undefined, remote=undefined } | saved: { targetIp="157.47.8.56", gatewayIp="19.77.75.22" }
==============================================

==============================================
[04/09/2026, 20:45:32] [WARN]
----------------------------------------------
[RENDERER] [CompleteObjective] Objective "take-manifest" already completed (in-memory) for quest BzMz7zHuwt
==============================================

==============================================
[04/09/2026, 20:45:54] [INFO]
----------------------------------------------
[RENDERER] [quest-editor] objective "send-manifest" completed by Mail.Sent
==============================================

==============================================
[04/09/2026, 20:45:54] [INFO]
----------------------------------------------
[RENDERER] [quest-editor] mail "Received" sent via Mail.send
==============================================

==============================================
[04/09/2026, 20:45:54] [INFO]
----------------------------------------------
[RENDERER] [quest-editor] reached "Out-PayThePlayer" | event: { id="C8us1voomn", from="bkelso@gomail.com", to="d.okonkwo@nullpost.io", subject="Files", content="sldghfaösdlofg", sentAt="1788547553989", metadata=undefined } | saved: undefined
==============================================

==============================================
[04/09/2026, 20:45:54] [INFO]
----------------------------------------------
[RENDERER] [quest-editor] reached "Out-Dialogue-Received" | event: { id="C8us1voomn", from="bkelso@gomail.com", to="d.okonkwo@nullpost.io", subject="Files", content="sldghfaösdlofg", sentAt="1788547553989", metadata=undefined } | saved: undefined
==============================================

==============================================
[04/09/2026, 20:45:54] [INFO]
----------------------------------------------
[RENDERER] [quest-editor] reached "OnComplete-Objective-SendManifest" | event: { id="C8us1voomn", from="bkelso@gomail.com", to="d.okonkwo@nullpost.io", subject="Files", content="sldghfaösdlofg", sentAt="1788547553989", metadata=undefined } | saved: undefined
==============================================

==============================================
[04/09/2026, 20:45:54] [WARN]
----------------------------------------------
[RENDERER] [CompleteObjective] Objective "send-manifest" already completed (in-memory) for quest BzMz7zHuwt
==============================================

==============================================
  APPLICATION CLOSING
  Time: 04/09/2026, 20:46:44
==============================================

==============================================
  HACKHUB LOG FILE
  Started: 04/09/2026, 21:04:57
  Version: 1.1.2
  Platform: win32
  Arch: x64
==============================================


==============================================
[04/09/2026, 21:04:57] [INFO]
----------------------------------------------
Steamworks initalized: Zeis [ZF] - 76561197976480835
==============================================

==============================================
[04/09/2026, 21:04:57] [INFO]
----------------------------------------------
[WorkshopController] initialized with appId: 2980270
==============================================

==============================================
[04/09/2026, 21:04:58] [INFO]
----------------------------------------------
[RENDERER] [Markdown Note Editor] Mod loaded.
==============================================

==============================================
[04/09/2026, 21:04:58] [INFO]
----------------------------------------------
[RENDERER] [quest-editor] The Harbour Manifest10 v10.0.0 loaded (editor build 2026-09-04.r79).
==============================================

==============================================
[04/09/2026, 21:04:58] [INFO]
----------------------------------------------
[RENDERER] [nemesis-protocol-stage1] Nemesis Protocol loaded. The mission is waiting in the HackHub feed.
==============================================

==============================================
[04/09/2026, 21:04:58] [INFO]
----------------------------------------------
[RENDERER] Custom Browser mod loaded with ordered categories!
==============================================

==============================================
[04/09/2026, 21:04:58] [INFO]
----------------------------------------------
[RENDERER] RetroArcade v1.0.0 loaded!
==============================================

==============================================
[04/09/2026, 21:04:58] [INFO]
----------------------------------------------
[RENDERER] [darknet-tree] Darknet-Tree loaded! Check the App Store for NotePad.
==============================================

==============================================
[04/09/2026, 21:04:58] [INFO]
----------------------------------------------
[RENDERER] [synthetik-wallet] Synthetik Wallet loaded! Find it in the App Store.
==============================================

==============================================
[04/09/2026, 21:04:58] [INFO]
----------------------------------------------
[RENDERER] [GhostLink] v1.0.2 loaded
==============================================

==============================================
[04/09/2026, 21:04:58] [INFO]
----------------------------------------------
[RENDERER] [python-is-python3] Mod loaded! Run: apt-get install python-is-python3
==============================================

==============================================
[04/09/2026, 21:04:58] [INFO]
----------------------------------------------
[RENDERER] Lockchain Wallet mod loaded: websites, phone wallet, marketplace, miner, and isolated RPC registered.
==============================================

==============================================
[04/09/2026, 21:04:58] [INFO]
----------------------------------------------
[RENDERER] [Fishception] biological daemon loaded
==============================================

==============================================
[04/09/2026, 21:04:58] [INFO]
----------------------------------------------
[RENDERER] [Beginner Handbook+] Registered 109 handbook pages without title prefixes. Language: en.
==============================================

==============================================
[04/09/2026, 21:04:58] [INFO]
----------------------------------------------
[RENDERER] [vault-manager] Vault Manager loaded — password vault & sticky notes ready.
==============================================

==============================================
[04/09/2026, 21:04:58] [ERROR]
----------------------------------------------
(node:12632) [DEP0169] DeprecationWarning: `url.parse()` behavior is not standardized and prone to errors that have security implications. Use the WHATWG URL API instead. CVEs are not issued for `url.parse()` vulnerabilities.
(Use `Hackhub --trace-deprecation ...` to show where the warning was created)
==============================================

==============================================
[04/09/2026, 21:05:05] [WARN]
----------------------------------------------
[RENDERER] [PruneOrphanQuests] Dropping "TheHarbourManifest7" (Buruabsxx9): no installed content defines it.
==============================================

==============================================
[04/09/2026, 21:05:05] [WARN]
----------------------------------------------
[RENDERER] [CompleteObjective] Objective "open_email" already completed (in-memory) for quest pFjtJ795zG
==============================================

==============================================
[04/09/2026, 21:05:05] [WARN]
----------------------------------------------
[RENDERER] [CompleteObjective] Objective "open_bank" already completed (in-memory) for quest pFjtJ795zG
==============================================

==============================================
[04/09/2026, 21:05:05] [INFO]
----------------------------------------------
[RENDERER] [quest-editor] quest "TheHarbourManifest10" started (1 entry point)
==============================================

==============================================
[04/09/2026, 21:05:05] [INFO]
----------------------------------------------
[RENDERER] [quest-editor] domain "harbourline-logistics.com" is already registered to 151.191.252.92, and this mod has no record of creating it - so it belongs to the base game or another mod. Leaving it alone: this quest's server at 226.64.202.126 will NOT answer to that name. Pick a domain name nothing else uses.
==============================================

==============================================
[04/09/2026, 21:05:05] [INFO]
----------------------------------------------
[RENDERER] [quest-editor] mail "One file, quietly" sent via Mail.send
==============================================

==============================================
[04/09/2026, 21:05:05] [INFO]
----------------------------------------------
[RENDERER] [quest-editor] reached "Out-Dialogue-OneFileQuietly" | event: (none - not reached from a trigger) | saved: { targetIp="226.64.202.126", gatewayIp="189.102.185.83" }
==============================================

==============================================
[04/09/2026, 21:05:05] [INFO]
----------------------------------------------
[RENDERER] [quest-editor] reached "Out-ToolResponse-Whois" | event: (none - not reached from a trigger) | saved: { targetIp="226.64.202.126", gatewayIp="189.102.185.83" }
==============================================

==============================================
[04/09/2026, 21:05:05] [INFO]
----------------------------------------------
[RENDERER] [quest-editor] reached "Out-ToolResponse-Lynx" | event: (none - not reached from a trigger) | saved: { targetIp="226.64.202.126", gatewayIp="189.102.185.83" }
==============================================

==============================================
[04/09/2026, 21:05:05] [INFO]
----------------------------------------------
[RENDERER] [quest-editor] reached "Out-CreateNetwork-HarbourFileserver" | event: (none - not reached from a trigger) | saved: { targetIp="226.64.202.126", gatewayIp="189.102.185.83" }
==============================================

==============================================
[04/09/2026, 21:05:05] [INFO]
----------------------------------------------
[RENDERER] [quest-editor] reached "Out-QuestStart" | event: (none - not reached from a trigger) | saved: { targetIp="226.64.202.126", gatewayIp="189.102.185.83" }
==============================================

==============================================
[04/09/2026, 21:05:05] [INFO]
----------------------------------------------
[RENDERER] [quest-editor] quest "TheHarbourManifest10" objectives started
==============================================

==============================================
[04/09/2026, 21:05:05] [INFO]
----------------------------------------------
[RENDERER] [quest-editor] objective "read-brief" is listening for Mail.Read
==============================================

==============================================
[04/09/2026, 21:05:05] [INFO]
----------------------------------------------
[RENDERER] [quest-editor] objective "identify-target" is listening for Terminal.Lynx.Search
==============================================

==============================================
[04/09/2026, 21:05:05] [INFO]
----------------------------------------------
[RENDERER] [quest-editor] objective "find-server" is listening for Terminal.Whois
==============================================

==============================================
[04/09/2026, 21:05:05] [INFO]
----------------------------------------------
[RENDERER] [quest-editor] objective "scan-server" is listening for Terminal.NmapScan
==============================================

==============================================
[04/09/2026, 21:05:05] [INFO]
----------------------------------------------
[RENDERER] [quest-editor] objective "get-in" is listening for Metasploit.Meterpreter.Connected, RemoteConnection.Established, Terminal.SSH.Connected
==============================================

==============================================
[04/09/2026, 21:05:05] [INFO]
----------------------------------------------
[RENDERER] [quest-editor] objective "take-manifest" is listening for Terminal.SSH.FileDownload
==============================================

==============================================
[04/09/2026, 21:05:05] [INFO]
----------------------------------------------
[RENDERER] [quest-editor] objective "send-manifest" is listening for Mail.Sent
==============================================

==============================================
[04/09/2026, 21:05:19] [INFO]
----------------------------------------------
[RENDERER] [quest-editor] objective "read-brief" completed by Mail.Read
==============================================

==============================================
[04/09/2026, 21:05:19] [INFO]
----------------------------------------------
[RENDERER] [quest-editor] reached "OnComplete-Objective-ReadBrief" | event: { id="TQSykijEz9", from="d.okonkwo@nullpost.io", to="bkelso@gomail.com", subject="One file, quietly", content="A shipping firm called Harbourline is running containers ...", sentAt="1788548705644", metadata=undefined } | saved: { targetIp="226.64.202.126", gatewayIp="189.102.185.83" }
==============================================

==============================================
[04/09/2026, 21:05:26] [INFO]
----------------------------------------------
[RENDERER] [quest-editor] objective "identify-target" completed by Terminal.Lynx.Search
==============================================

==============================================
[04/09/2026, 21:05:26] [INFO]
----------------------------------------------
[RENDERER] [quest-editor] reached "OnComplete-Objective-IdentifyTarget" | event: "Yusuf Demir" | saved: { targetIp="226.64.202.126", gatewayIp="189.102.185.83" }
==============================================

==============================================
[04/09/2026, 21:05:26] [WARN]
----------------------------------------------
[RENDERER] [CompleteObjective] Objective "identify-target" already completed (in-memory) for quest CWMmlAhixv
==============================================

==============================================
[04/09/2026, 21:05:53] [INFO]
----------------------------------------------
[RENDERER] [quest-editor] objective "find-server" completed by Terminal.Whois
==============================================

==============================================
[04/09/2026, 21:05:53] [INFO]
----------------------------------------------
[RENDERER] [quest-editor] reached "OnComplete-Objective-FindServer" | event: { domain="harbourline-logistics.com", whois={object} } | saved: { targetIp="226.64.202.126", gatewayIp="189.102.185.83" }
==============================================

==============================================
[04/09/2026, 21:05:53] [WARN]
----------------------------------------------
[RENDERER] [CompleteObjective] Objective "find-server" already completed (in-memory) for quest CWMmlAhixv
==============================================

==============================================
[04/09/2026, 21:06:06] [INFO]
----------------------------------------------
[RENDERER] [quest-editor] objective "scan-server" completed by Terminal.NmapScan
==============================================

==============================================
[04/09/2026, 21:06:06] [INFO]
----------------------------------------------
[RENDERER] [quest-editor] reached "OnComplete-Objective-ScanServer" | event: { ip="226.64.202.126", versionScan="false" } | saved: { targetIp="226.64.202.126", gatewayIp="189.102.185.83" }
==============================================

==============================================
[04/09/2026, 21:06:06] [WARN]
----------------------------------------------
[RENDERER] [CompleteObjective] Objective "scan-server" already completed (in-memory) for quest CWMmlAhixv
==============================================

==============================================
  APPLICATION CLOSING
  Time: 04/09/2026, 21:06:23
==============================================

==============================================
  APPLICATION CLOSING
  Time: 04/09/2026, 21:06:24
==============================================

==============================================
  HACKHUB LOG FILE
  Started: 04/09/2026, 21:10:14
  Version: 1.1.2
  Platform: win32
  Arch: x64
==============================================


==============================================
[04/09/2026, 21:10:14] [INFO]
----------------------------------------------
Steamworks initalized: Zeis [ZF] - 76561197976480835
==============================================

==============================================
[04/09/2026, 21:10:14] [INFO]
----------------------------------------------
[WorkshopController] initialized with appId: 2980270
==============================================

==============================================
[04/09/2026, 21:10:15] [INFO]
----------------------------------------------
[RENDERER] [Markdown Note Editor] Mod loaded.
==============================================

==============================================
[04/09/2026, 21:10:15] [INFO]
----------------------------------------------
[RENDERER] [quest-editor] The Harbour Manifest10 v10.0.0 loaded (editor build 2026-09-04.r79).
==============================================

==============================================
[04/09/2026, 21:10:15] [INFO]
----------------------------------------------
[RENDERER] [nemesis-protocol-stage1] Nemesis Protocol loaded. The mission is waiting in the HackHub feed.
==============================================

==============================================
[04/09/2026, 21:10:15] [INFO]
----------------------------------------------
[RENDERER] Custom Browser mod loaded with ordered categories!
==============================================

==============================================
[04/09/2026, 21:10:15] [INFO]
----------------------------------------------
[RENDERER] RetroArcade v1.0.0 loaded!
==============================================

==============================================
[04/09/2026, 21:10:15] [INFO]
----------------------------------------------
[RENDERER] [darknet-tree] Darknet-Tree loaded! Check the App Store for NotePad.
==============================================

==============================================
[04/09/2026, 21:10:15] [INFO]
----------------------------------------------
[RENDERER] [synthetik-wallet] Synthetik Wallet loaded! Find it in the App Store.
==============================================

==============================================
[04/09/2026, 21:10:15] [INFO]
----------------------------------------------
[RENDERER] [GhostLink] v1.0.2 loaded
==============================================

==============================================
[04/09/2026, 21:10:15] [INFO]
----------------------------------------------
[RENDERER] [python-is-python3] Mod loaded! Run: apt-get install python-is-python3
==============================================

==============================================
[04/09/2026, 21:10:15] [INFO]
----------------------------------------------
[RENDERER] Lockchain Wallet mod loaded: websites, phone wallet, marketplace, miner, and isolated RPC registered.
==============================================

==============================================
[04/09/2026, 21:10:15] [INFO]
----------------------------------------------
[RENDERER] [Fishception] biological daemon loaded
==============================================

==============================================
[04/09/2026, 21:10:15] [INFO]
----------------------------------------------
[RENDERER] [Beginner Handbook+] Registered 109 handbook pages without title prefixes. Language: en.
==============================================

==============================================
[04/09/2026, 21:10:15] [INFO]
----------------------------------------------
[RENDERER] [vault-manager] Vault Manager loaded — password vault & sticky notes ready.
==============================================

==============================================
[04/09/2026, 21:10:16] [ERROR]
----------------------------------------------
(node:37524) [DEP0169] DeprecationWarning: `url.parse()` behavior is not standardized and prone to errors that have security implications. Use the WHATWG URL API instead. CVEs are not issued for `url.parse()` vulnerabilities.
(Use `Hackhub --trace-deprecation ...` to show where the warning was created)
==============================================

==============================================
[04/09/2026, 21:10:22] [WARN]
----------------------------------------------
[RENDERER] [CompleteObjective] Objective "open_email" already completed (in-memory) for quest pFjtJ795zG
==============================================

==============================================
[04/09/2026, 21:10:22] [WARN]
----------------------------------------------
[RENDERER] [CompleteObjective] Objective "open_bank" already completed (in-memory) for quest pFjtJ795zG
==============================================

==============================================
[04/09/2026, 21:10:22] [INFO]
----------------------------------------------
[RENDERER] [quest-editor] quest "TheHarbourManifest10" objectives started
==============================================

==============================================
[04/09/2026, 21:10:22] [INFO]
----------------------------------------------
[RENDERER] [quest-editor] objective "read-brief" is listening for Mail.Read
==============================================

==============================================
[04/09/2026, 21:10:22] [INFO]
----------------------------------------------
[RENDERER] [quest-editor] objective "identify-target" is listening for Terminal.Lynx.Search
==============================================

==============================================
[04/09/2026, 21:10:22] [INFO]
----------------------------------------------
[RENDERER] [quest-editor] objective "find-server" is listening for Terminal.Whois
==============================================

==============================================
[04/09/2026, 21:10:22] [INFO]
----------------------------------------------
[RENDERER] [quest-editor] objective "scan-server" is listening for Terminal.NmapScan
==============================================

==============================================
[04/09/2026, 21:10:22] [INFO]
----------------------------------------------
[RENDERER] [quest-editor] objective "get-in" is listening for Metasploit.Meterpreter.Connected, RemoteConnection.Established, Terminal.SSH.Connected
==============================================

==============================================
[04/09/2026, 21:10:22] [INFO]
----------------------------------------------
[RENDERER] [quest-editor] objective "take-manifest" is listening for Terminal.SSH.FileDownload
==============================================

==============================================
[04/09/2026, 21:10:22] [INFO]
----------------------------------------------
[RENDERER] [quest-editor] objective "send-manifest" is listening for Mail.Sent
==============================================

==============================================
[04/09/2026, 21:10:37] [WARN]
----------------------------------------------
[RENDERER] [CompleteObjective] Objective "identify-target" already completed (in-memory) for quest CWMmlAhixv
==============================================

==============================================
[04/09/2026, 21:10:37] [INFO]
----------------------------------------------
[RENDERER] [quest-editor] objective "identify-target" completed by Terminal.Lynx.Search
==============================================

==============================================
[04/09/2026, 21:10:37] [INFO]
----------------------------------------------
[RENDERER] [quest-editor] reached "OnComplete-Objective-IdentifyTarget" | event: "Yusuf Demir" | saved: { targetIp="226.64.202.126", gatewayIp="189.102.185.83" }
==============================================

==============================================
[04/09/2026, 21:10:37] [WARN]
----------------------------------------------
[RENDERER] [CompleteObjective] Objective "identify-target" already completed (in-memory) for quest CWMmlAhixv
==============================================

==============================================
[04/09/2026, 21:11:00] [WARN]
----------------------------------------------
[RENDERER] [CompleteObjective] Objective "find-server" already completed (in-memory) for quest CWMmlAhixv
==============================================

==============================================
[04/09/2026, 21:11:00] [INFO]
----------------------------------------------
[RENDERER] [quest-editor] objective "find-server" completed by Terminal.Whois
==============================================

==============================================
[04/09/2026, 21:11:00] [INFO]
----------------------------------------------
[RENDERER] [quest-editor] reached "OnComplete-Objective-FindServer" | event: { domain="harbourline-logistics.com", whois={object} } | saved: { targetIp="226.64.202.126", gatewayIp="189.102.185.83" }
==============================================

==============================================
[04/09/2026, 21:11:00] [WARN]
----------------------------------------------
[RENDERER] [CompleteObjective] Objective "find-server" already completed (in-memory) for quest CWMmlAhixv
==============================================

==============================================
[04/09/2026, 21:11:09] [WARN]
----------------------------------------------
[RENDERER] [CompleteObjective] Objective "scan-server" already completed (in-memory) for quest CWMmlAhixv
==============================================

==============================================
[04/09/2026, 21:11:09] [INFO]
----------------------------------------------
[RENDERER] [quest-editor] objective "scan-server" completed by Terminal.NmapScan
==============================================

==============================================
[04/09/2026, 21:11:09] [INFO]
----------------------------------------------
[RENDERER] [quest-editor] reached "OnComplete-Objective-ScanServer" | event: { ip="226.64.202.126", versionScan="true" } | saved: { targetIp="226.64.202.126", gatewayIp="189.102.185.83" }
==============================================

==============================================
[04/09/2026, 21:11:09] [WARN]
----------------------------------------------
[RENDERER] [CompleteObjective] Objective "scan-server" already completed (in-memory) for quest CWMmlAhixv
==============================================

==============================================
[04/09/2026, 21:11:56] [INFO]
----------------------------------------------
[RENDERER] [quest-editor] objective "get-in" completed by RemoteConnection.Established
==============================================

==============================================
[04/09/2026, 21:11:56] [INFO]
----------------------------------------------
[RENDERER] [quest-editor] reached "OnComplete-Objective-GetIn" | event: { targetIp="226.64.202.126", targetPort="22", fromIp="191.76.152.109", user={object}, t="METASPLOIT" } | saved: { targetIp="226.64.202.126", gatewayIp="189.102.185.83" }
==============================================

==============================================
[04/09/2026, 21:12:06] [INFO]
----------------------------------------------
[RENDERER] [quest-editor] objective "take-manifest" completed by Terminal.SSH.FileDownload
==============================================

==============================================
[04/09/2026, 21:12:06] [INFO]
----------------------------------------------
[RENDERER] [quest-editor] reached "OnComplete-Objective-TakeManifest" | event: { name="manifest_q4", extension="csv", data="container,origin,declared,actual,consignee\nHLX-4471,Rotte...", parent="vDb6Xu3u9r", id="udW8ZLLQ5q", locked=undefined, position={object}, deleteable=undefined, remote=undefined } | saved: { targetIp="226.64.202.126", gatewayIp="189.102.185.83" }
==============================================

==============================================
[04/09/2026, 21:12:06] [WARN]
----------------------------------------------
[RENDERER] [CompleteObjective] Objective "take-manifest" already completed (in-memory) for quest CWMmlAhixv
==============================================

==============================================
[04/09/2026, 21:12:22] [WARN]
----------------------------------------------
[RENDERER] [CompleteObjective] Objective "read-brief" already completed (in-memory) for quest CWMmlAhixv
==============================================

==============================================
[04/09/2026, 21:12:22] [INFO]
----------------------------------------------
[RENDERER] [quest-editor] objective "read-brief" completed by Mail.Read
==============================================

==============================================
[04/09/2026, 21:12:22] [INFO]
----------------------------------------------
[RENDERER] [quest-editor] reached "OnComplete-Objective-ReadBrief" | event: { id="TQSykijEz9", from="d.okonkwo@nullpost.io", to="bkelso@gomail.com", subject="One file, quietly", content="A shipping firm called Harbourline is running containers ...", sentAt="1788548705644", metadata=undefined } | saved: { targetIp="226.64.202.126", gatewayIp="189.102.185.83" }
==============================================

==============================================
[04/09/2026, 21:12:42] [INFO]
----------------------------------------------
[RENDERER] [quest-editor] objective "send-manifest" completed by Mail.Sent
==============================================

==============================================
[04/09/2026, 21:12:42] [INFO]
----------------------------------------------
[RENDERER] [quest-editor] mail "Received" sent via Mail.send
==============================================

==============================================
[04/09/2026, 21:12:42] [INFO]
----------------------------------------------
[RENDERER] [quest-editor] reached "Out-PayThePlayer" | event: { id="L92NKKNVBn", from="bkelso@gomail.com", to="d.okonkwo@nullpost.io", subject="Files", content="Here is the file", sentAt="1788549162556", metadata=undefined } | saved: { targetIp="226.64.202.126", gatewayIp="189.102.185.83" } (quest data already retired; using the last known values)
==============================================

==============================================
[04/09/2026, 21:12:42] [INFO]
----------------------------------------------
[RENDERER] [quest-editor] reached "Out-Dialogue-Received" | event: { id="L92NKKNVBn", from="bkelso@gomail.com", to="d.okonkwo@nullpost.io", subject="Files", content="Here is the file", sentAt="1788549162556", metadata=undefined } | saved: { targetIp="226.64.202.126", gatewayIp="189.102.185.83" } (quest data already retired; using the last known values)
==============================================

==============================================
[04/09/2026, 21:12:42] [INFO]
----------------------------------------------
[RENDERER] [quest-editor] reached "OnComplete-Objective-SendManifest" | event: { id="L92NKKNVBn", from="bkelso@gomail.com", to="d.okonkwo@nullpost.io", subject="Files", content="Here is the file", sentAt="1788549162556", metadata=undefined } | saved: { targetIp="226.64.202.126", gatewayIp="189.102.185.83" } (quest data already retired; using the last known values)
==============================================

==============================================
[04/09/2026, 21:12:42] [WARN]
----------------------------------------------
[RENDERER] [CompleteObjective] Objective "send-manifest" already completed (in-memory) for quest CWMmlAhixv
==============================================

==============================================
  APPLICATION CLOSING
  Time: 04/09/2026, 21:16:31
==============================================

==============================================
  HACKHUB LOG FILE
  Started: 04/09/2026, 21:20:27
  Version: 1.1.2
  Platform: win32
  Arch: x64
==============================================


==============================================
[04/09/2026, 21:20:27] [INFO]
----------------------------------------------
Steamworks initalized: Zeis [ZF] - 76561197976480835
==============================================

==============================================
[04/09/2026, 21:20:27] [INFO]
----------------------------------------------
[WorkshopController] initialized with appId: 2980270
==============================================

==============================================
[04/09/2026, 21:20:28] [INFO]
----------------------------------------------
[RENDERER] [Markdown Note Editor] Mod loaded.
==============================================

==============================================
[04/09/2026, 21:20:28] [INFO]
----------------------------------------------
[RENDERER] [quest-editor] The Harbour Manifest11 v11.0.0 loaded (editor build 2026-09-04.r79).
==============================================

==============================================
[04/09/2026, 21:20:28] [INFO]
----------------------------------------------
[RENDERER] [nemesis-protocol-stage1] Nemesis Protocol loaded. The mission is waiting in the HackHub feed.
==============================================

==============================================
[04/09/2026, 21:20:28] [INFO]
----------------------------------------------
[RENDERER] Custom Browser mod loaded with ordered categories!
==============================================

==============================================
[04/09/2026, 21:20:28] [INFO]
----------------------------------------------
[RENDERER] RetroArcade v1.0.0 loaded!
==============================================

==============================================
[04/09/2026, 21:20:28] [INFO]
----------------------------------------------
[RENDERER] [darknet-tree] Darknet-Tree loaded! Check the App Store for NotePad.
==============================================

==============================================
[04/09/2026, 21:20:28] [INFO]
----------------------------------------------
[RENDERER] [synthetik-wallet] Synthetik Wallet loaded! Find it in the App Store.
==============================================

==============================================
[04/09/2026, 21:20:28] [INFO]
----------------------------------------------
[RENDERER] [GhostLink] v1.0.2 loaded
==============================================

==============================================
[04/09/2026, 21:20:28] [INFO]
----------------------------------------------
[RENDERER] [python-is-python3] Mod loaded! Run: apt-get install python-is-python3
==============================================

==============================================
[04/09/2026, 21:20:28] [INFO]
----------------------------------------------
[RENDERER] Lockchain Wallet mod loaded: websites, phone wallet, marketplace, miner, and isolated RPC registered.
==============================================

==============================================
[04/09/2026, 21:20:28] [INFO]
----------------------------------------------
[RENDERER] [Fishception] biological daemon loaded
==============================================

==============================================
[04/09/2026, 21:20:28] [INFO]
----------------------------------------------
[RENDERER] [Beginner Handbook+] Registered 109 handbook pages without title prefixes. Language: en.
==============================================

==============================================
[04/09/2026, 21:20:28] [INFO]
----------------------------------------------
[RENDERER] [vault-manager] Vault Manager loaded — password vault & sticky notes ready.
==============================================

==============================================
[04/09/2026, 21:20:28] [ERROR]
----------------------------------------------
(node:35756) [DEP0169] DeprecationWarning: `url.parse()` behavior is not standardized and prone to errors that have security implications. Use the WHATWG URL API instead. CVEs are not issued for `url.parse()` vulnerabilities.
(Use `Hackhub --trace-deprecation ...` to show where the warning was created)
==============================================

==============================================
[04/09/2026, 21:20:39] [WARN]
----------------------------------------------
[RENDERER] [PruneOrphanQuests] Dropping "TheHarbourManifest7" (Buruabsxx9): no installed content defines it.
==============================================

==============================================
[04/09/2026, 21:20:39] [WARN]
----------------------------------------------
[RENDERER] [CompleteObjective] Objective "open_email" already completed (in-memory) for quest pFjtJ795zG
==============================================

==============================================
[04/09/2026, 21:20:39] [WARN]
----------------------------------------------
[RENDERER] [CompleteObjective] Objective "open_bank" already completed (in-memory) for quest pFjtJ795zG
==============================================

==============================================
[04/09/2026, 21:20:39] [INFO]
----------------------------------------------
[RENDERER] [quest-editor] quest "TheHarbourManifest11" started (1 entry point)
==============================================

==============================================
[04/09/2026, 21:20:39] [INFO]
----------------------------------------------
[RENDERER] [quest-editor] domain "harbourline-logistics.com" is already registered to 151.191.252.92, and this mod has no record of creating it - so it belongs to the base game or another mod. Leaving it alone: this quest's server at 84.116.156.146 will NOT answer to that name. Pick a domain name nothing else uses.
==============================================

==============================================
[04/09/2026, 21:20:39] [INFO]
----------------------------------------------
[RENDERER] [quest-editor] mail "One file, quietly" sent via Mail.send
==============================================

==============================================
[04/09/2026, 21:20:39] [INFO]
----------------------------------------------
[RENDERER] [quest-editor] reached "Out-Dialogue-OneFileQuietly" | event: (none - not reached from a trigger) | saved: { targetIp="84.116.156.146", gatewayIp="72.135.174.85" }
==============================================

==============================================
[04/09/2026, 21:20:39] [INFO]
----------------------------------------------
[RENDERER] [quest-editor] reached "Out-ToolResponse-Whois" | event: (none - not reached from a trigger) | saved: { targetIp="84.116.156.146", gatewayIp="72.135.174.85" }
==============================================

==============================================
[04/09/2026, 21:20:39] [INFO]
----------------------------------------------
[RENDERER] [quest-editor] reached "Out-ToolResponse-Lynx" | event: (none - not reached from a trigger) | saved: { targetIp="84.116.156.146", gatewayIp="72.135.174.85" }
==============================================

==============================================
[04/09/2026, 21:20:39] [INFO]
----------------------------------------------
[RENDERER] [quest-editor] reached "Out-CreateNetwork-HarbourFileserver" | event: (none - not reached from a trigger) | saved: { targetIp="84.116.156.146", gatewayIp="72.135.174.85" }
==============================================

==============================================
[04/09/2026, 21:20:39] [INFO]
----------------------------------------------
[RENDERER] [quest-editor] reached "Out-QuestStart" | event: (none - not reached from a trigger) | saved: { targetIp="84.116.156.146", gatewayIp="72.135.174.85" }
==============================================

==============================================
[04/09/2026, 21:20:39] [INFO]
----------------------------------------------
[RENDERER] [quest-editor] quest "TheHarbourManifest11" objectives started
==============================================

==============================================
[04/09/2026, 21:20:39] [INFO]
----------------------------------------------
[RENDERER] [quest-editor] objective "read-brief" is listening for Mail.Read
==============================================

==============================================
[04/09/2026, 21:20:39] [INFO]
----------------------------------------------
[RENDERER] [quest-editor] objective "identify-target" is listening for Terminal.Lynx.Search
==============================================

==============================================
[04/09/2026, 21:20:39] [INFO]
----------------------------------------------
[RENDERER] [quest-editor] objective "find-server" is listening for Terminal.Whois
==============================================

==============================================
[04/09/2026, 21:20:39] [INFO]
----------------------------------------------
[RENDERER] [quest-editor] objective "scan-server" is listening for Terminal.NmapScan
==============================================

==============================================
[04/09/2026, 21:20:39] [INFO]
----------------------------------------------
[RENDERER] [quest-editor] objective "get-in" is listening for Metasploit.Meterpreter.Connected, RemoteConnection.Established, Terminal.SSH.Connected
==============================================

==============================================
[04/09/2026, 21:20:39] [INFO]
----------------------------------------------
[RENDERER] [quest-editor] objective "take-manifest" is listening for Terminal.SSH.FileDownload
==============================================

==============================================
[04/09/2026, 21:20:39] [INFO]
----------------------------------------------
[RENDERER] [quest-editor] objective "send-manifest" is listening for Mail.Sent
==============================================

==============================================
  APPLICATION CLOSING
  Time: 04/09/2026, 21:21:05
==============================================

==============================================
  APPLICATION CLOSING
  Time: 04/09/2026, 21:21:05
==============================================

==============================================
  HACKHUB LOG FILE
  Started: 04/09/2026, 21:21:32
  Version: 1.1.2
  Platform: win32
  Arch: x64
==============================================


==============================================
[04/09/2026, 21:21:32] [INFO]
----------------------------------------------
Steamworks initalized: Zeis [ZF] - 76561197976480835
==============================================

==============================================
[04/09/2026, 21:21:32] [INFO]
----------------------------------------------
[WorkshopController] initialized with appId: 2980270
==============================================

==============================================
[04/09/2026, 21:21:33] [INFO]
----------------------------------------------
[RENDERER] [Markdown Note Editor] Mod loaded.
==============================================

==============================================
[04/09/2026, 21:21:33] [INFO]
----------------------------------------------
[RENDERER] [quest-editor] The Harbour Manifest11 v11.0.0 loaded (editor build 2026-09-04.r79).
==============================================

==============================================
[04/09/2026, 21:21:33] [INFO]
----------------------------------------------
[RENDERER] [nemesis-protocol-stage1] Nemesis Protocol loaded. The mission is waiting in the HackHub feed.
==============================================

==============================================
[04/09/2026, 21:21:33] [INFO]
----------------------------------------------
[RENDERER] Custom Browser mod loaded with ordered categories!
==============================================

==============================================
[04/09/2026, 21:21:33] [INFO]
----------------------------------------------
[RENDERER] RetroArcade v1.0.0 loaded!
==============================================

==============================================
[04/09/2026, 21:21:33] [INFO]
----------------------------------------------
[RENDERER] [darknet-tree] Darknet-Tree loaded! Check the App Store for NotePad.
==============================================

==============================================
[04/09/2026, 21:21:33] [INFO]
----------------------------------------------
[RENDERER] [synthetik-wallet] Synthetik Wallet loaded! Find it in the App Store.
==============================================

==============================================
[04/09/2026, 21:21:33] [INFO]
----------------------------------------------
[RENDERER] [GhostLink] v1.0.2 loaded
==============================================

==============================================
[04/09/2026, 21:21:33] [INFO]
----------------------------------------------
[RENDERER] [python-is-python3] Mod loaded! Run: apt-get install python-is-python3
==============================================

==============================================
[04/09/2026, 21:21:33] [INFO]
----------------------------------------------
[RENDERER] Lockchain Wallet mod loaded: websites, phone wallet, marketplace, miner, and isolated RPC registered.
==============================================

==============================================
[04/09/2026, 21:21:33] [INFO]
----------------------------------------------
[RENDERER] [Fishception] biological daemon loaded
==============================================

==============================================
[04/09/2026, 21:21:33] [INFO]
----------------------------------------------
[RENDERER] [Beginner Handbook+] Registered 109 handbook pages without title prefixes. Language: en.
==============================================

==============================================
[04/09/2026, 21:21:33] [INFO]
----------------------------------------------
[RENDERER] [vault-manager] Vault Manager loaded — password vault & sticky notes ready.
==============================================

==============================================
[04/09/2026, 21:21:33] [ERROR]
----------------------------------------------
(node:39252) [DEP0169] DeprecationWarning: `url.parse()` behavior is not standardized and prone to errors that have security implications. Use the WHATWG URL API instead. CVEs are not issued for `url.parse()` vulnerabilities.
(Use `Hackhub --trace-deprecation ...` to show where the warning was created)
==============================================

==============================================
[04/09/2026, 21:21:40] [WARN]
----------------------------------------------
[RENDERER] [CompleteObjective] Objective "open_email" already completed (in-memory) for quest pFjtJ795zG
==============================================

==============================================
[04/09/2026, 21:21:40] [WARN]
----------------------------------------------
[RENDERER] [CompleteObjective] Objective "open_bank" already completed (in-memory) for quest pFjtJ795zG
==============================================

==============================================
[04/09/2026, 21:21:41] [INFO]
----------------------------------------------
[RENDERER] [quest-editor] quest "TheHarbourManifest11" started (1 entry point)
==============================================

==============================================
[04/09/2026, 21:21:41] [INFO]
----------------------------------------------
[RENDERER] [quest-editor] mail "One file, quietly" sent via Mail.send
==============================================

==============================================
[04/09/2026, 21:21:41] [INFO]
----------------------------------------------
[RENDERER] [quest-editor] reached "Out-Dialogue-OneFileQuietly" | event: (none - not reached from a trigger) | saved: { targetIp="62.15.86.253", gatewayIp="119.94.239.117" }
==============================================

==============================================
[04/09/2026, 21:21:41] [INFO]
----------------------------------------------
[RENDERER] [quest-editor] reached "Out-ToolResponse-Whois" | event: (none - not reached from a trigger) | saved: { targetIp="62.15.86.253", gatewayIp="119.94.239.117" }
==============================================

==============================================
[04/09/2026, 21:21:41] [INFO]
----------------------------------------------
[RENDERER] [quest-editor] reached "Out-ToolResponse-Lynx" | event: (none - not reached from a trigger) | saved: { targetIp="62.15.86.253", gatewayIp="119.94.239.117" }
==============================================

==============================================
[04/09/2026, 21:21:41] [INFO]
----------------------------------------------
[RENDERER] [quest-editor] reached "Out-CreateNetwork-HarbourFileserver" | event: (none - not reached from a trigger) | saved: { targetIp="62.15.86.253", gatewayIp="119.94.239.117" }
==============================================

==============================================
[04/09/2026, 21:21:41] [INFO]
----------------------------------------------
[RENDERER] [quest-editor] reached "Out-QuestStart" | event: (none - not reached from a trigger) | saved: { targetIp="62.15.86.253", gatewayIp="119.94.239.117" }
==============================================

==============================================
[04/09/2026, 21:21:41] [INFO]
----------------------------------------------
[RENDERER] [quest-editor] quest "TheHarbourManifest11" objectives started
==============================================

==============================================
[04/09/2026, 21:21:41] [INFO]
----------------------------------------------
[RENDERER] [quest-editor] objective "read-brief" is listening for Mail.Read
==============================================

==============================================
[04/09/2026, 21:21:41] [INFO]
----------------------------------------------
[RENDERER] [quest-editor] objective "identify-target" is listening for Terminal.Lynx.Search
==============================================

==============================================
[04/09/2026, 21:21:41] [INFO]
----------------------------------------------
[RENDERER] [quest-editor] objective "find-server" is listening for Terminal.Whois
==============================================

==============================================
[04/09/2026, 21:21:41] [INFO]
----------------------------------------------
[RENDERER] [quest-editor] objective "scan-server" is listening for Terminal.NmapScan
==============================================

==============================================
[04/09/2026, 21:21:41] [INFO]
----------------------------------------------
[RENDERER] [quest-editor] objective "get-in" is listening for Metasploit.Meterpreter.Connected, RemoteConnection.Established, Terminal.SSH.Connected
==============================================

==============================================
[04/09/2026, 21:21:41] [INFO]
----------------------------------------------
[RENDERER] [quest-editor] objective "take-manifest" is listening for Terminal.SSH.FileDownload
==============================================

==============================================
[04/09/2026, 21:21:41] [INFO]
----------------------------------------------
[RENDERER] [quest-editor] objective "send-manifest" is listening for Mail.Sent
==============================================

==============================================
[04/09/2026, 21:22:27] [INFO]
----------------------------------------------
[RENDERER] [quest-editor] objective "read-brief" completed by Mail.Read
==============================================

==============================================
[04/09/2026, 21:22:27] [INFO]
----------------------------------------------
[RENDERER] [quest-editor] reached "OnComplete-Objective-ReadBrief" | event: { id="X0UZl6qh7O", from="d.okonkwo@nullpost.io", to="bkelso@gomail.com", subject="One file, quietly", content="A shipping firm called Harbourline is running containers ...", sentAt="1788549701117", metadata=undefined } | saved: { targetIp="62.15.86.253", gatewayIp="119.94.239.117" }
==============================================

==============================================
[04/09/2026, 21:22:32] [INFO]
----------------------------------------------
[RENDERER] [quest-editor] objective "identify-target" completed by Terminal.Lynx.Search
==============================================

==============================================
[04/09/2026, 21:22:32] [INFO]
----------------------------------------------
[RENDERER] [quest-editor] reached "OnComplete-Objective-IdentifyTarget" | event: "Yusuf Demir" | saved: { targetIp="62.15.86.253", gatewayIp="119.94.239.117" }
==============================================

==============================================
[04/09/2026, 21:22:32] [WARN]
----------------------------------------------
[RENDERER] [CompleteObjective] Objective "identify-target" already completed (in-memory) for quest Xv5oM3t4hD
==============================================

==============================================
[04/09/2026, 21:23:05] [INFO]
----------------------------------------------
[RENDERER] [quest-editor] objective "find-server" completed by Terminal.Whois
==============================================

==============================================
[04/09/2026, 21:23:05] [INFO]
----------------------------------------------
[RENDERER] [quest-editor] reached "OnComplete-Objective-FindServer" | event: { domain="harbourline-logistics.com", whois={object} } | saved: { targetIp="62.15.86.253", gatewayIp="119.94.239.117" }
==============================================

==============================================
[04/09/2026, 21:23:05] [WARN]
----------------------------------------------
[RENDERER] [CompleteObjective] Objective "find-server" already completed (in-memory) for quest Xv5oM3t4hD
==============================================

==============================================
[04/09/2026, 21:23:40] [INFO]
----------------------------------------------
[RENDERER] [quest-editor] objective "scan-server" completed by Terminal.NmapScan
==============================================

==============================================
[04/09/2026, 21:23:40] [INFO]
----------------------------------------------
[RENDERER] [quest-editor] reached "OnComplete-Objective-ScanServer" | event: { ip="62.15.86.253", versionScan="true" } | saved: { targetIp="62.15.86.253", gatewayIp="119.94.239.117" }
==============================================

==============================================
[04/09/2026, 21:23:40] [WARN]
----------------------------------------------
[RENDERER] [CompleteObjective] Objective "scan-server" already completed (in-memory) for quest Xv5oM3t4hD
==============================================

==============================================
[04/09/2026, 21:24:27] [INFO]
----------------------------------------------
[RENDERER] [quest-editor] objective "get-in" completed by RemoteConnection.Established
==============================================

==============================================
[04/09/2026, 21:24:27] [INFO]
----------------------------------------------
[RENDERER] [quest-editor] reached "OnComplete-Objective-GetIn" | event: { targetIp="62.15.86.253", targetPort="22", fromIp="191.76.152.109", user={object}, t="METASPLOIT" } | saved: { targetIp="62.15.86.253", gatewayIp="119.94.239.117" }
==============================================

==============================================
[04/09/2026, 21:24:34] [INFO]
----------------------------------------------
[RENDERER] [quest-editor] objective "take-manifest" completed by Terminal.SSH.FileDownload
==============================================

==============================================
[04/09/2026, 21:24:34] [INFO]
----------------------------------------------
[RENDERER] [quest-editor] reached "OnComplete-Objective-TakeManifest" | event: { name="manifest_q4", extension="csv", data="container,origin,declared,actual,consignee\nHLX-4471,Rotte...", parent="vDb6Xu3u9r", id="OF0ynE5sFw", locked=undefined, position={object}, deleteable=undefined, remote=undefined } | saved: { targetIp="62.15.86.253", gatewayIp="119.94.239.117" }
==============================================

==============================================
[04/09/2026, 21:24:34] [WARN]
----------------------------------------------
[RENDERER] [CompleteObjective] Objective "take-manifest" already completed (in-memory) for quest Xv5oM3t4hD
==============================================

==============================================
[04/09/2026, 21:24:59] [INFO]
----------------------------------------------
[RENDERER] [quest-editor] objective "send-manifest" completed by Mail.Sent
==============================================

==============================================
[04/09/2026, 21:24:59] [INFO]
----------------------------------------------
[RENDERER] [quest-editor] mail "Received" sent via Mail.send
==============================================

==============================================
[04/09/2026, 21:24:59] [INFO]
----------------------------------------------
[RENDERER] [quest-editor] reached "Out-PayThePlayer" | event: { id="D3fuzf5Pja", from="bkelso@gomail.com", to="d.okonkwo@nullpost.io", subject="File", content="Here's your file", sentAt="1788549899349", metadata=undefined } | saved: { targetIp="62.15.86.253", gatewayIp="119.94.239.117" } (quest data already retired; using the last known values)
==============================================

==============================================
[04/09/2026, 21:24:59] [INFO]
----------------------------------------------
[RENDERER] [quest-editor] reached "Out-Dialogue-Received" | event: { id="D3fuzf5Pja", from="bkelso@gomail.com", to="d.okonkwo@nullpost.io", subject="File", content="Here's your file", sentAt="1788549899349", metadata=undefined } | saved: { targetIp="62.15.86.253", gatewayIp="119.94.239.117" } (quest data already retired; using the last known values)
==============================================

==============================================
[04/09/2026, 21:24:59] [INFO]
----------------------------------------------
[RENDERER] [quest-editor] reached "OnComplete-Objective-SendManifest" | event: { id="D3fuzf5Pja", from="bkelso@gomail.com", to="d.okonkwo@nullpost.io", subject="File", content="Here's your file", sentAt="1788549899349", metadata=undefined } | saved: { targetIp="62.15.86.253", gatewayIp="119.94.239.117" } (quest data already retired; using the last known values)
==============================================

==============================================
[04/09/2026, 21:24:59] [WARN]
----------------------------------------------
[RENDERER] [CompleteObjective] Objective "send-manifest" already completed (in-memory) for quest Xv5oM3t4hD
==============================================

==============================================
  APPLICATION CLOSING
  Time: 04/09/2026, 21:25:09
==============================================

==============================================
  HACKHUB LOG FILE
  Started: 04/09/2026, 21:42:07
  Version: 1.1.2
  Platform: win32
  Arch: x64
==============================================


==============================================
[04/09/2026, 21:42:07] [INFO]
----------------------------------------------
Steamworks initalized: Zeis [ZF] - 76561197976480835
==============================================

==============================================
[04/09/2026, 21:42:07] [INFO]
----------------------------------------------
[WorkshopController] initialized with appId: 2980270
==============================================

==============================================
[04/09/2026, 21:42:08] [INFO]
----------------------------------------------
[RENDERER] [Markdown Note Editor] Mod loaded.
==============================================

==============================================
[04/09/2026, 21:42:08] [INFO]
----------------------------------------------
[RENDERER] [quest-editor] The Harbour Manifest12 v12.0.0 loaded (editor build 2026-09-04.r80).
==============================================

==============================================
[04/09/2026, 21:42:08] [INFO]
----------------------------------------------
[RENDERER] [nemesis-protocol-stage1] Nemesis Protocol loaded. The mission is waiting in the HackHub feed.
==============================================

==============================================
[04/09/2026, 21:42:08] [INFO]
----------------------------------------------
[RENDERER] Custom Browser mod loaded with ordered categories!
==============================================

==============================================
[04/09/2026, 21:42:08] [INFO]
----------------------------------------------
[RENDERER] RetroArcade v1.0.0 loaded!
==============================================

==============================================
[04/09/2026, 21:42:08] [INFO]
----------------------------------------------
[RENDERER] [darknet-tree] Darknet-Tree loaded! Check the App Store for NotePad.
==============================================

==============================================
[04/09/2026, 21:42:08] [INFO]
----------------------------------------------
[RENDERER] [synthetik-wallet] Synthetik Wallet loaded! Find it in the App Store.
==============================================

==============================================
[04/09/2026, 21:42:08] [INFO]
----------------------------------------------
[RENDERER] [GhostLink] v1.0.2 loaded
==============================================

==============================================
[04/09/2026, 21:42:08] [INFO]
----------------------------------------------
[RENDERER] [python-is-python3] Mod loaded! Run: apt-get install python-is-python3
==============================================

==============================================
[04/09/2026, 21:42:08] [INFO]
----------------------------------------------
[RENDERER] Lockchain Wallet mod loaded: websites, phone wallet, marketplace, miner, and isolated RPC registered.
==============================================

==============================================
[04/09/2026, 21:42:08] [INFO]
----------------------------------------------
[RENDERER] [Fishception] biological daemon loaded
==============================================

==============================================
[04/09/2026, 21:42:08] [INFO]
----------------------------------------------
[RENDERER] [Beginner Handbook+] Registered 109 handbook pages without title prefixes. Language: en.
==============================================

==============================================
[04/09/2026, 21:42:08] [INFO]
----------------------------------------------
[RENDERER] [vault-manager] Vault Manager loaded — password vault & sticky notes ready.
==============================================

==============================================
[04/09/2026, 21:42:08] [ERROR]
----------------------------------------------
(node:26816) [DEP0169] DeprecationWarning: `url.parse()` behavior is not standardized and prone to errors that have security implications. Use the WHATWG URL API instead. CVEs are not issued for `url.parse()` vulnerabilities.
(Use `Hackhub --trace-deprecation ...` to show where the warning was created)
==============================================

==============================================
[04/09/2026, 21:42:15] [WARN]
----------------------------------------------
[RENDERER] [CompleteObjective] Objective "open_email" already completed (in-memory) for quest pFjtJ795zG
==============================================

==============================================
[04/09/2026, 21:42:15] [WARN]
----------------------------------------------
[RENDERER] [CompleteObjective] Objective "open_bank" already completed (in-memory) for quest pFjtJ795zG
==============================================

==============================================
[04/09/2026, 21:42:15] [INFO]
----------------------------------------------
[RENDERER] [quest-editor] quest "TheHarbourManifest12" started (1 entry point)
==============================================

==============================================
[04/09/2026, 21:42:15] [INFO]
----------------------------------------------
[RENDERER] [quest-editor] mail "One file, quietly" sent via Mail.send
==============================================

==============================================
[04/09/2026, 21:42:15] [INFO]
----------------------------------------------
[RENDERER] [quest-editor] reached "Out-Dialogue-OneFileQuietly" | event: (none - not reached from a trigger) | saved: { targetIp="175.92.89.36", gatewayIp="88.149.231.73" }
==============================================

==============================================
[04/09/2026, 21:42:15] [INFO]
----------------------------------------------
[RENDERER] [quest-editor] reached "Out-ToolResponse-Whois" | event: (none - not reached from a trigger) | saved: { targetIp="175.92.89.36", gatewayIp="88.149.231.73" }
==============================================

==============================================
[04/09/2026, 21:42:15] [INFO]
----------------------------------------------
[RENDERER] [quest-editor] reached "Out-ToolResponse-Lynx" | event: (none - not reached from a trigger) | saved: { targetIp="175.92.89.36", gatewayIp="88.149.231.73" }
==============================================

==============================================
[04/09/2026, 21:42:15] [INFO]
----------------------------------------------
[RENDERER] [quest-editor] reached "Out-CreateNetwork-HarbourFileserver" | event: (none - not reached from a trigger) | saved: { targetIp="175.92.89.36", gatewayIp="88.149.231.73" }
==============================================

==============================================
[04/09/2026, 21:42:15] [INFO]
----------------------------------------------
[RENDERER] [quest-editor] reached "Out-QuestStart" | event: (none - not reached from a trigger) | saved: { targetIp="175.92.89.36", gatewayIp="88.149.231.73" }
==============================================

==============================================
[04/09/2026, 21:42:15] [INFO]
----------------------------------------------
[RENDERER] [quest-editor] quest "TheHarbourManifest12" objectives started
==============================================

==============================================
[04/09/2026, 21:42:15] [INFO]
----------------------------------------------
[RENDERER] [quest-editor] objective "read-brief" is listening for Mail.Read
==============================================

==============================================
[04/09/2026, 21:42:15] [INFO]
----------------------------------------------
[RENDERER] [quest-editor] objective "identify-target" is listening for Terminal.Lynx.Search
==============================================

==============================================
[04/09/2026, 21:42:15] [INFO]
----------------------------------------------
[RENDERER] [quest-editor] objective "find-server" is listening for Terminal.Whois
==============================================

==============================================
[04/09/2026, 21:42:15] [INFO]
----------------------------------------------
[RENDERER] [quest-editor] objective "scan-server" is listening for Terminal.NmapScan
==============================================

==============================================
[04/09/2026, 21:42:15] [INFO]
----------------------------------------------
[RENDERER] [quest-editor] objective "get-in" is listening for Metasploit.Meterpreter.Connected, RemoteConnection.Established, Terminal.SSH.Connected
==============================================

==============================================
[04/09/2026, 21:42:15] [INFO]
----------------------------------------------
[RENDERER] [quest-editor] objective "take-manifest" is listening for Terminal.SSH.FileDownload
==============================================

==============================================
[04/09/2026, 21:42:15] [INFO]
----------------------------------------------
[RENDERER] [quest-editor] objective "send-manifest" is listening for Mail.Sent
==============================================

==============================================
[04/09/2026, 21:43:08] [INFO]
----------------------------------------------
[RENDERER] [quest-editor] objective "read-brief" completed by Mail.Read
==============================================

==============================================
[04/09/2026, 21:43:08] [INFO]
----------------------------------------------
[RENDERER] [quest-editor] reached "OnComplete-Objective-ReadBrief" | event: { id="4M53BGv9xm", from="d.okonkwo@nullpost.io", to="bkelso@gomail.com", subject="One file, quietly", content="A shipping firm called Harbourline is running containers ...", sentAt="1788550935690", metadata=undefined } | saved: { targetIp="175.92.89.36", gatewayIp="88.149.231.73" }
==============================================

==============================================
[04/09/2026, 21:43:14] [INFO]
----------------------------------------------
[RENDERER] [quest-editor] objective "identify-target" completed by Terminal.Lynx.Search
==============================================

==============================================
[04/09/2026, 21:43:14] [INFO]
----------------------------------------------
[RENDERER] [quest-editor] reached "OnComplete-Objective-IdentifyTarget" | event: "Yusuf Demir" | saved: { targetIp="175.92.89.36", gatewayIp="88.149.231.73" }
==============================================

==============================================
[04/09/2026, 21:43:14] [WARN]
----------------------------------------------
[RENDERER] [CompleteObjective] Objective "identify-target" already completed (in-memory) for quest 3x0eSxhGd9
==============================================

==============================================
[04/09/2026, 21:43:39] [INFO]
----------------------------------------------
[RENDERER] [quest-editor] objective "find-server" completed by Terminal.Whois
==============================================

==============================================
[04/09/2026, 21:43:39] [INFO]
----------------------------------------------
[RENDERER] [quest-editor] reached "OnComplete-Objective-FindServer" | event: { domain="harbourline-logistics.com", whois={object} } | saved: { targetIp="175.92.89.36", gatewayIp="88.149.231.73" }
==============================================

==============================================
[04/09/2026, 21:43:39] [WARN]
----------------------------------------------
[RENDERER] [CompleteObjective] Objective "find-server" already completed (in-memory) for quest 3x0eSxhGd9
==============================================

==============================================
[04/09/2026, 21:43:48] [INFO]
----------------------------------------------
[RENDERER] [quest-editor] objective "scan-server" completed by Terminal.NmapScan
==============================================

==============================================
[04/09/2026, 21:43:48] [INFO]
----------------------------------------------
[RENDERER] [quest-editor] reached "OnComplete-Objective-ScanServer" | event: { ip="175.92.89.36", versionScan="true" } | saved: { targetIp="175.92.89.36", gatewayIp="88.149.231.73" }
==============================================

==============================================
[04/09/2026, 21:43:48] [WARN]
----------------------------------------------
[RENDERER] [CompleteObjective] Objective "scan-server" already completed (in-memory) for quest 3x0eSxhGd9
==============================================

==============================================
[04/09/2026, 21:44:20] [INFO]
----------------------------------------------
[RENDERER] [quest-editor] objective "get-in" completed by RemoteConnection.Established
==============================================

==============================================
[04/09/2026, 21:44:20] [INFO]
----------------------------------------------
[RENDERER] [quest-editor] reached "OnComplete-Objective-GetIn" | event: { targetIp="175.92.89.36", targetPort="22", fromIp="191.76.152.109", user={object}, t="METASPLOIT" } | saved: { targetIp="175.92.89.36", gatewayIp="88.149.231.73" }
==============================================

==============================================
[04/09/2026, 21:44:27] [INFO]
----------------------------------------------
[RENDERER] [quest-editor] objective "take-manifest" completed by Terminal.SSH.FileDownload
==============================================

==============================================
[04/09/2026, 21:44:27] [INFO]
----------------------------------------------
[RENDERER] [quest-editor] reached "OnComplete-Objective-TakeManifest" | event: { name="manifest_q4", extension="csv", data="container,origin,declared,actual,consignee\nHLX-4471,Rotte...", parent="vDb6Xu3u9r", id="1vBTks86o4", locked=undefined, position={object}, deleteable=undefined, remote=undefined } | saved: { targetIp="175.92.89.36", gatewayIp="88.149.231.73" }
==============================================

==============================================
[04/09/2026, 21:44:27] [WARN]
----------------------------------------------
[RENDERER] [CompleteObjective] Objective "take-manifest" already completed (in-memory) for quest 3x0eSxhGd9
==============================================

==============================================
[04/09/2026, 21:44:48] [INFO]
----------------------------------------------
[RENDERER] [quest-editor] OnComplete: starting
==============================================

==============================================
[04/09/2026, 21:44:48] [INFO]
----------------------------------------------
[RENDERER] [quest-editor] cleanup starting: 3 item(s) to undo
==============================================

==============================================
[04/09/2026, 21:44:48] [INFO]
----------------------------------------------
[RENDERER] [quest-editor] cleanup: commandData whois
==============================================

==============================================
[04/09/2026, 21:44:48] [INFO]
----------------------------------------------
[RENDERER] [quest-editor] cleanup: commandData lynx
==============================================

==============================================
[04/09/2026, 21:44:48] [INFO]
----------------------------------------------
[RENDERER] [quest-editor] cleanup: network 88.149.231.73
==============================================

==============================================
[04/09/2026, 21:44:48] [INFO]
----------------------------------------------
[RENDERER] [quest-editor] cleanup finished
==============================================

==============================================
[04/09/2026, 21:44:48] [INFO]
----------------------------------------------
[RENDERER] [quest-editor] OnComplete: cleanup done, removing weechat servers
==============================================

==============================================
[04/09/2026, 21:44:48] [INFO]
----------------------------------------------
[RENDERER] [quest-editor] OnComplete: running end-of-quest nodes
==============================================

==============================================
[04/09/2026, 21:44:48] [INFO]
----------------------------------------------
[RENDERER] [quest-editor] OnComplete: finished, handing back to the game
==============================================

==============================================
[04/09/2026, 21:44:48] [INFO]
----------------------------------------------
[RENDERER] [quest-editor] objective "send-manifest" completed by Mail.Sent
==============================================

==============================================
[04/09/2026, 21:44:48] [INFO]
----------------------------------------------
[RENDERER] [quest-editor] mail "Received" sent via Mail.send
==============================================

==============================================
[04/09/2026, 21:44:48] [INFO]
----------------------------------------------
[RENDERER] [quest-editor] reached "Out-PayThePlayer" | event: { id="pYYuZwfQnV", from="bkelso@gomail.com", to="d.okonkwo@nullpost.io", subject="File", content="Here it is", sentAt="1788551088497", metadata=undefined } | saved: { targetIp="175.92.89.36", gatewayIp="88.149.231.73" } (quest data already retired; using the last known values)
==============================================

==============================================
[04/09/2026, 21:44:48] [INFO]
----------------------------------------------
[RENDERER] [quest-editor] reached "Out-Dialogue-Received" | event: { id="pYYuZwfQnV", from="bkelso@gomail.com", to="d.okonkwo@nullpost.io", subject="File", content="Here it is", sentAt="1788551088497", metadata=undefined } | saved: { targetIp="175.92.89.36", gatewayIp="88.149.231.73" } (quest data already retired; using the last known values)
==============================================

==============================================
[04/09/2026, 21:44:48] [INFO]
----------------------------------------------
[RENDERER] [quest-editor] reached "OnComplete-Objective-SendManifest" | event: { id="pYYuZwfQnV", from="bkelso@gomail.com", to="d.okonkwo@nullpost.io", subject="File", content="Here it is", sentAt="1788551088497", metadata=undefined } | saved: { targetIp="175.92.89.36", gatewayIp="88.149.231.73" } (quest data already retired; using the last known values)
==============================================

==============================================
[04/09/2026, 21:44:48] [WARN]
----------------------------------------------
[RENDERER] [CompleteObjective] Objective "send-manifest" already completed (in-memory) for quest 3x0eSxhGd9
==============================================

==============================================
  APPLICATION CLOSING
  Time: 04/09/2026, 21:45:01
==============================================

==============================================
  HACKHUB LOG FILE
  Started: 04/09/2026, 22:01:03
  Version: 1.1.2
  Platform: win32
  Arch: x64
==============================================


==============================================
[04/09/2026, 22:01:03] [INFO]
----------------------------------------------
Steamworks initalized: Zeis [ZF] - 76561197976480835
==============================================

==============================================
[04/09/2026, 22:01:03] [INFO]
----------------------------------------------
[WorkshopController] initialized with appId: 2980270
==============================================

==============================================
[04/09/2026, 22:01:04] [INFO]
----------------------------------------------
[RENDERER] [Markdown Note Editor] Mod loaded.
==============================================

==============================================
[04/09/2026, 22:01:04] [INFO]
----------------------------------------------
[RENDERER] [quest-editor] The Harbour Manifest13 v13.0.0 loaded (editor build 2026-09-04.r81).
==============================================

==============================================
[04/09/2026, 22:01:04] [INFO]
----------------------------------------------
[RENDERER] [nemesis-protocol-stage1] Nemesis Protocol loaded. The mission is waiting in the HackHub feed.
==============================================

==============================================
[04/09/2026, 22:01:04] [INFO]
----------------------------------------------
[RENDERER] Custom Browser mod loaded with ordered categories!
==============================================

==============================================
[04/09/2026, 22:01:04] [INFO]
----------------------------------------------
[RENDERER] RetroArcade v1.0.0 loaded!
==============================================

==============================================
[04/09/2026, 22:01:04] [INFO]
----------------------------------------------
[RENDERER] [darknet-tree] Darknet-Tree loaded! Check the App Store for NotePad.
==============================================

==============================================
[04/09/2026, 22:01:04] [INFO]
----------------------------------------------
[RENDERER] [synthetik-wallet] Synthetik Wallet loaded! Find it in the App Store.
==============================================

==============================================
[04/09/2026, 22:01:04] [INFO]
----------------------------------------------
[RENDERER] [GhostLink] v1.0.2 loaded
==============================================

==============================================
[04/09/2026, 22:01:04] [INFO]
----------------------------------------------
[RENDERER] [python-is-python3] Mod loaded! Run: apt-get install python-is-python3
==============================================

==============================================
[04/09/2026, 22:01:04] [INFO]
----------------------------------------------
[RENDERER] Lockchain Wallet mod loaded: websites, phone wallet, marketplace, miner, and isolated RPC registered.
==============================================

==============================================
[04/09/2026, 22:01:04] [INFO]
----------------------------------------------
[RENDERER] [Fishception] biological daemon loaded
==============================================

==============================================
[04/09/2026, 22:01:04] [INFO]
----------------------------------------------
[RENDERER] [Beginner Handbook+] Registered 109 handbook pages without title prefixes. Language: en.
==============================================

==============================================
[04/09/2026, 22:01:04] [INFO]
----------------------------------------------
[RENDERER] [vault-manager] Vault Manager loaded — password vault & sticky notes ready.
==============================================

==============================================
[04/09/2026, 22:01:04] [ERROR]
----------------------------------------------
(node:18252) [DEP0169] DeprecationWarning: `url.parse()` behavior is not standardized and prone to errors that have security implications. Use the WHATWG URL API instead. CVEs are not issued for `url.parse()` vulnerabilities.
(Use `Hackhub --trace-deprecation ...` to show where the warning was created)
==============================================

==============================================
[04/09/2026, 22:01:05] [WARN]
----------------------------------------------
[Network] POST https://gateway.hotbunny.dev/hackhub/auth/steam/challenge failed after 496ms: ERR_BAD_REQUEST Request failed with status code 429
==============================================

==============================================
[04/09/2026, 22:01:05] [WARN]
----------------------------------------------
[Network] POST https://gateway.hotbunny.dev/hackhub/auth/steam/challenge failed after 295ms: ERR_BAD_REQUEST Request failed with status code 429
==============================================

==============================================
[04/09/2026, 22:01:06] [WARN]
----------------------------------------------
[Network] POST https://gateway.hotbunny.dev/hackhub/auth/steam/challenge failed after 252ms: ERR_BAD_REQUEST Request failed with status code 429
==============================================

==============================================
[04/09/2026, 22:01:07] [WARN]
----------------------------------------------
[Network] POST https://gateway.hotbunny.dev/hackhub/auth/steam/challenge failed after 242ms: ERR_BAD_REQUEST Request failed with status code 429
==============================================

==============================================
[04/09/2026, 22:01:20] [WARN]
----------------------------------------------
[RENDERER] [CompleteObjective] Objective "open_email" already completed (in-memory) for quest pFjtJ795zG
==============================================

==============================================
[04/09/2026, 22:01:20] [WARN]
----------------------------------------------
[RENDERER] [CompleteObjective] Objective "open_bank" already completed (in-memory) for quest pFjtJ795zG
==============================================

==============================================
[04/09/2026, 22:01:20] [INFO]
----------------------------------------------
[RENDERER] [quest-editor] quest "TheHarbourManifest13" started (1 entry point)
==============================================

==============================================
[04/09/2026, 22:01:20] [INFO]
----------------------------------------------
[RENDERER] [quest-editor] mail "One file, quietly" sent via Mail.send
==============================================

==============================================
[04/09/2026, 22:01:20] [INFO]
----------------------------------------------
[RENDERER] [quest-editor] reached "Out-Dialogue-OneFileQuietly" | event: (none - not reached from a trigger) | saved: { targetIp="209.136.151.105", gatewayIp="28.250.204.81" }
==============================================

==============================================
[04/09/2026, 22:01:20] [INFO]
----------------------------------------------
[RENDERER] [quest-editor] reached "Out-ToolResponse-Whois" | event: (none - not reached from a trigger) | saved: { targetIp="209.136.151.105", gatewayIp="28.250.204.81" }
==============================================

==============================================
[04/09/2026, 22:01:20] [INFO]
----------------------------------------------
[RENDERER] [quest-editor] reached "Out-ToolResponse-Lynx" | event: (none - not reached from a trigger) | saved: { targetIp="209.136.151.105", gatewayIp="28.250.204.81" }
==============================================

==============================================
[04/09/2026, 22:01:20] [INFO]
----------------------------------------------
[RENDERER] [quest-editor] reached "Out-CreateNetwork-HarbourFileserver" | event: (none - not reached from a trigger) | saved: { targetIp="209.136.151.105", gatewayIp="28.250.204.81" }
==============================================

==============================================
[04/09/2026, 22:01:20] [INFO]
----------------------------------------------
[RENDERER] [quest-editor] reached "Out-QuestStart" | event: (none - not reached from a trigger) | saved: { targetIp="209.136.151.105", gatewayIp="28.250.204.81" }
==============================================

==============================================
[04/09/2026, 22:01:20] [INFO]
----------------------------------------------
[RENDERER] [quest-editor] quest "TheHarbourManifest13" objectives started
==============================================

==============================================
[04/09/2026, 22:01:20] [INFO]
----------------------------------------------
[RENDERER] [quest-editor] objective "read-brief" is listening for Mail.Read
==============================================

==============================================
[04/09/2026, 22:01:20] [INFO]
----------------------------------------------
[RENDERER] [quest-editor] objective "identify-target" is listening for Terminal.Lynx.Search
==============================================

==============================================
[04/09/2026, 22:01:20] [INFO]
----------------------------------------------
[RENDERER] [quest-editor] objective "find-server" is listening for Terminal.Whois
==============================================

==============================================
[04/09/2026, 22:01:20] [INFO]
----------------------------------------------
[RENDERER] [quest-editor] objective "scan-server" is listening for Terminal.NmapScan
==============================================

==============================================
[04/09/2026, 22:01:20] [INFO]
----------------------------------------------
[RENDERER] [quest-editor] objective "get-in" is listening for Metasploit.Meterpreter.Connected, RemoteConnection.Established, Terminal.SSH.Connected
==============================================

==============================================
[04/09/2026, 22:01:20] [INFO]
----------------------------------------------
[RENDERER] [quest-editor] objective "take-manifest" is listening for Terminal.SSH.FileDownload
==============================================

==============================================
[04/09/2026, 22:01:20] [INFO]
----------------------------------------------
[RENDERER] [quest-editor] objective "send-manifest" is listening for Mail.Sent
==============================================

==============================================
[04/09/2026, 22:02:06] [INFO]
----------------------------------------------
[RENDERER] [quest-editor] objective "read-brief" completed by Mail.Read
==============================================

==============================================
[04/09/2026, 22:02:06] [INFO]
----------------------------------------------
[RENDERER] [quest-editor] reached "OnComplete-Objective-ReadBrief" | event: { id="G7QXB1am6t", from="d.okonkwo@nullpost.io", to="bkelso@gomail.com", subject="One file, quietly", content="A shipping firm called Harbourline is running containers ...", sentAt="1788552080323", metadata=undefined } | saved: { targetIp="209.136.151.105", gatewayIp="28.250.204.81" }
==============================================

==============================================
[04/09/2026, 22:02:12] [INFO]
----------------------------------------------
[RENDERER] [quest-editor] objective "identify-target" completed by Terminal.Lynx.Search
==============================================

==============================================
[04/09/2026, 22:02:12] [INFO]
----------------------------------------------
[RENDERER] [quest-editor] reached "OnComplete-Objective-IdentifyTarget" | event: "Yusuf Demir" | saved: { targetIp="209.136.151.105", gatewayIp="28.250.204.81" }
==============================================

==============================================
[04/09/2026, 22:02:12] [WARN]
----------------------------------------------
[RENDERER] [CompleteObjective] Objective "identify-target" already completed (in-memory) for quest 0HMjedNM99
==============================================

==============================================
[04/09/2026, 22:02:38] [INFO]
----------------------------------------------
[RENDERER] [quest-editor] objective "find-server" completed by Terminal.Whois
==============================================

==============================================
[04/09/2026, 22:02:38] [INFO]
----------------------------------------------
[RENDERER] [quest-editor] reached "OnComplete-Objective-FindServer" | event: { domain="harbourline-logistics.com", whois={object} } | saved: { targetIp="209.136.151.105", gatewayIp="28.250.204.81" }
==============================================

==============================================
[04/09/2026, 22:02:38] [WARN]
----------------------------------------------
[RENDERER] [CompleteObjective] Objective "find-server" already completed (in-memory) for quest 0HMjedNM99
==============================================

==============================================
[04/09/2026, 22:02:47] [INFO]
----------------------------------------------
[RENDERER] [quest-editor] objective "scan-server" completed by Terminal.NmapScan
==============================================

==============================================
[04/09/2026, 22:02:47] [INFO]
----------------------------------------------
[RENDERER] [quest-editor] reached "OnComplete-Objective-ScanServer" | event: { ip="209.136.151.105", versionScan="true" } | saved: { targetIp="209.136.151.105", gatewayIp="28.250.204.81" }
==============================================

==============================================
[04/09/2026, 22:02:47] [WARN]
----------------------------------------------
[RENDERER] [CompleteObjective] Objective "scan-server" already completed (in-memory) for quest 0HMjedNM99
==============================================

==============================================
[04/09/2026, 22:03:21] [INFO]
----------------------------------------------
[RENDERER] [quest-editor] objective "get-in" completed by RemoteConnection.Established
==============================================

==============================================
[04/09/2026, 22:03:21] [INFO]
----------------------------------------------
[RENDERER] [quest-editor] reached "OnComplete-Objective-GetIn" | event: { targetIp="209.136.151.105", targetPort="22", fromIp="191.76.152.109", user={object}, t="METASPLOIT" } | saved: { targetIp="209.136.151.105", gatewayIp="28.250.204.81" }
==============================================

==============================================
[04/09/2026, 22:03:29] [INFO]
----------------------------------------------
[RENDERER] [quest-editor] objective "take-manifest" completed by Terminal.SSH.FileDownload
==============================================

==============================================
[04/09/2026, 22:03:29] [INFO]
----------------------------------------------
[RENDERER] [quest-editor] reached "OnComplete-Objective-TakeManifest" | event: { name="manifest_q4", extension="csv", data="container,origin,declared,actual,consignee\nHLX-4471,Rotte...", parent="vDb6Xu3u9r", id="o2WCerIoaM", locked=undefined, position={object}, deleteable=undefined, remote=undefined } | saved: { targetIp="209.136.151.105", gatewayIp="28.250.204.81" }
==============================================

==============================================
[04/09/2026, 22:03:29] [WARN]
----------------------------------------------
[RENDERER] [CompleteObjective] Objective "take-manifest" already completed (in-memory) for quest 0HMjedNM99
==============================================

==============================================
[04/09/2026, 22:03:44] [INFO]
----------------------------------------------
[RENDERER] [quest-editor] OnComplete: starting
==============================================

==============================================
[04/09/2026, 22:03:44] [INFO]
----------------------------------------------
[RENDERER] [quest-editor] cleanup starting (complete): 2 item(s) to undo, leaving 1 network(s) standing
==============================================

==============================================
[04/09/2026, 22:03:44] [INFO]
----------------------------------------------
[RENDERER] [quest-editor] cleanup: commandData whois
==============================================

==============================================
[04/09/2026, 22:03:44] [INFO]
----------------------------------------------
[RENDERER] [quest-editor] cleanup: commandData lynx
==============================================

==============================================
[04/09/2026, 22:03:44] [INFO]
----------------------------------------------
[RENDERER] [quest-editor] cleanup finished
==============================================

==============================================
[04/09/2026, 22:03:44] [INFO]
----------------------------------------------
[RENDERER] [quest-editor] OnComplete: cleanup done, removing weechat servers
==============================================

==============================================
[04/09/2026, 22:03:44] [INFO]
----------------------------------------------
[RENDERER] [quest-editor] OnComplete: running end-of-quest nodes
==============================================

==============================================
[04/09/2026, 22:03:44] [INFO]
----------------------------------------------
[RENDERER] [quest-editor] OnComplete: finished, handing back to the game
==============================================

==============================================
[04/09/2026, 22:03:44] [INFO]
----------------------------------------------
[RENDERER] [quest-editor] objective "send-manifest" completed by Mail.Sent
==============================================

==============================================
[04/09/2026, 22:03:44] [INFO]
----------------------------------------------
[RENDERER] [quest-editor] mail "Received" sent via Mail.send
==============================================

==============================================
[04/09/2026, 22:03:44] [INFO]
----------------------------------------------
[RENDERER] [quest-editor] reached "Out-PayThePlayer" | event: { id="4sIeJJPSqn", from="bkelso@gomail.com", to="d.okonkwo@nullpost.io", subject="Files", content="See attached", sentAt="1788552224675", metadata=undefined } | saved: { targetIp="209.136.151.105", gatewayIp="28.250.204.81" } (quest data already retired; using the last known values)
==============================================

==============================================
[04/09/2026, 22:03:44] [INFO]
----------------------------------------------
[RENDERER] [quest-editor] reached "Out-Dialogue-Received" | event: { id="4sIeJJPSqn", from="bkelso@gomail.com", to="d.okonkwo@nullpost.io", subject="Files", content="See attached", sentAt="1788552224675", metadata=undefined } | saved: { targetIp="209.136.151.105", gatewayIp="28.250.204.81" } (quest data already retired; using the last known values)
==============================================

==============================================
[04/09/2026, 22:03:44] [INFO]
----------------------------------------------
[RENDERER] [quest-editor] reached "OnComplete-Objective-SendManifest" | event: { id="4sIeJJPSqn", from="bkelso@gomail.com", to="d.okonkwo@nullpost.io", subject="Files", content="See attached", sentAt="1788552224675", metadata=undefined } | saved: { targetIp="209.136.151.105", gatewayIp="28.250.204.81" } (quest data already retired; using the last known values)
==============================================

==============================================
[04/09/2026, 22:03:44] [WARN]
----------------------------------------------
[RENDERER] [CompleteObjective] Objective "send-manifest" already completed (in-memory) for quest 0HMjedNM99
==============================================

==============================================
  APPLICATION CLOSING
  Time: 04/09/2026, 22:04:12
==============================================

==============================================
  HACKHUB LOG FILE
  Started: 04/09/2026, 22:18:59
  Version: 1.1.2
  Platform: win32
  Arch: x64
==============================================


==============================================
[04/09/2026, 22:18:59] [INFO]
----------------------------------------------
Steamworks initalized: Zeis [ZF] - 76561197976480835
==============================================

==============================================
[04/09/2026, 22:18:59] [INFO]
----------------------------------------------
[WorkshopController] initialized with appId: 2980270
==============================================

==============================================
[04/09/2026, 22:19:00] [INFO]
----------------------------------------------
[RENDERER] [Markdown Note Editor] Mod loaded.
==============================================

==============================================
[04/09/2026, 22:19:00] [INFO]
----------------------------------------------
[RENDERER] [quest-editor] The Harbour Manifest14 v14.0.0 loaded (editor build 2026-09-04.r82).
==============================================

==============================================
[04/09/2026, 22:19:00] [INFO]
----------------------------------------------
[RENDERER] [nemesis-protocol-stage1] Nemesis Protocol loaded. The mission is waiting in the HackHub feed.
==============================================

==============================================
[04/09/2026, 22:19:00] [INFO]
----------------------------------------------
[RENDERER] Custom Browser mod loaded with ordered categories!
==============================================

==============================================
[04/09/2026, 22:19:00] [INFO]
----------------------------------------------
[RENDERER] RetroArcade v1.0.0 loaded!
==============================================

==============================================
[04/09/2026, 22:19:00] [INFO]
----------------------------------------------
[RENDERER] [darknet-tree] Darknet-Tree loaded! Check the App Store for NotePad.
==============================================

==============================================
[04/09/2026, 22:19:00] [INFO]
----------------------------------------------
[RENDERER] [synthetik-wallet] Synthetik Wallet loaded! Find it in the App Store.
==============================================

==============================================
[04/09/2026, 22:19:00] [INFO]
----------------------------------------------
[RENDERER] [GhostLink] v1.0.2 loaded
==============================================

==============================================
[04/09/2026, 22:19:00] [INFO]
----------------------------------------------
[RENDERER] [python-is-python3] Mod loaded! Run: apt-get install python-is-python3
==============================================

==============================================
[04/09/2026, 22:19:00] [INFO]
----------------------------------------------
[RENDERER] Lockchain Wallet mod loaded: websites, phone wallet, marketplace, miner, and isolated RPC registered.
==============================================

==============================================
[04/09/2026, 22:19:00] [INFO]
----------------------------------------------
[RENDERER] [Fishception] biological daemon loaded
==============================================

==============================================
[04/09/2026, 22:19:00] [INFO]
----------------------------------------------
[RENDERER] [Beginner Handbook+] Registered 109 handbook pages without title prefixes. Language: en.
==============================================

==============================================
[04/09/2026, 22:19:00] [INFO]
----------------------------------------------
[RENDERER] [vault-manager] Vault Manager loaded — password vault & sticky notes ready.
==============================================

==============================================
[04/09/2026, 22:19:00] [ERROR]
----------------------------------------------
(node:37452) [DEP0169] DeprecationWarning: `url.parse()` behavior is not standardized and prone to errors that have security implications. Use the WHATWG URL API instead. CVEs are not issued for `url.parse()` vulnerabilities.
(Use `Hackhub --trace-deprecation ...` to show where the warning was created)
==============================================

==============================================
[04/09/2026, 22:19:11] [WARN]
----------------------------------------------
[RENDERER] [CompleteObjective] Objective "open_email" already completed (in-memory) for quest pFjtJ795zG
==============================================

==============================================
[04/09/2026, 22:19:11] [WARN]
----------------------------------------------
[RENDERER] [CompleteObjective] Objective "open_bank" already completed (in-memory) for quest pFjtJ795zG
==============================================

==============================================
[04/09/2026, 22:19:11] [INFO]
----------------------------------------------
[RENDERER] [quest-editor] quest "TheHarbourManifest14" started (1 entry point)
==============================================

==============================================
[04/09/2026, 22:19:11] [INFO]
----------------------------------------------
[RENDERER] [quest-editor] mail "One file, quietly" sent via Mail.send
==============================================

==============================================
[04/09/2026, 22:19:11] [INFO]
----------------------------------------------
[RENDERER] [quest-editor] reached "Out-Dialogue-OneFileQuietly" | event: (none - not reached from a trigger) | saved: { targetIp="34.119.8.27", gatewayIp="137.240.72.1" }
==============================================

==============================================
[04/09/2026, 22:19:11] [INFO]
----------------------------------------------
[RENDERER] [quest-editor] reached "Out-ToolResponse-Whois" | event: (none - not reached from a trigger) | saved: { targetIp="34.119.8.27", gatewayIp="137.240.72.1" }
==============================================

==============================================
[04/09/2026, 22:19:11] [INFO]
----------------------------------------------
[RENDERER] [quest-editor] reached "Out-ToolResponse-Lynx" | event: (none - not reached from a trigger) | saved: { targetIp="34.119.8.27", gatewayIp="137.240.72.1" }
==============================================

==============================================
[04/09/2026, 22:19:11] [INFO]
----------------------------------------------
[RENDERER] [quest-editor] reached "Out-CreateNetwork-HarbourFileserver" | event: (none - not reached from a trigger) | saved: { targetIp="34.119.8.27", gatewayIp="137.240.72.1" }
==============================================

==============================================
[04/09/2026, 22:19:11] [INFO]
----------------------------------------------
[RENDERER] [quest-editor] reached "Out-QuestStart" | event: (none - not reached from a trigger) | saved: { targetIp="34.119.8.27", gatewayIp="137.240.72.1" }
==============================================

==============================================
[04/09/2026, 22:19:11] [INFO]
----------------------------------------------
[RENDERER] [quest-editor] quest "TheHarbourManifest14" objectives started
==============================================

==============================================
[04/09/2026, 22:19:11] [INFO]
----------------------------------------------
[RENDERER] [quest-editor] objective "read-brief" is listening for Mail.Read
==============================================

==============================================
[04/09/2026, 22:19:11] [INFO]
----------------------------------------------
[RENDERER] [quest-editor] objective "identify-target" is listening for Terminal.Lynx.Search
==============================================

==============================================
[04/09/2026, 22:19:11] [INFO]
----------------------------------------------
[RENDERER] [quest-editor] objective "find-server" is listening for Terminal.Whois
==============================================

==============================================
[04/09/2026, 22:19:11] [INFO]
----------------------------------------------
[RENDERER] [quest-editor] objective "scan-server" is listening for Terminal.NmapScan
==============================================

==============================================
[04/09/2026, 22:19:11] [INFO]
----------------------------------------------
[RENDERER] [quest-editor] objective "get-in" is listening for Metasploit.Meterpreter.Connected, RemoteConnection.Established, Terminal.SSH.Connected
==============================================

==============================================
[04/09/2026, 22:19:11] [INFO]
----------------------------------------------
[RENDERER] [quest-editor] objective "take-manifest" is listening for Terminal.SSH.FileDownload
==============================================

==============================================
[04/09/2026, 22:19:11] [INFO]
----------------------------------------------
[RENDERER] [quest-editor] objective "send-manifest" is listening for Mail.Sent
==============================================

==============================================
[04/09/2026, 22:19:48] [INFO]
----------------------------------------------
[RENDERER] [quest-editor] reached "OnComplete-Objective-ReadBrief" | event: { id="7RP1L9rSA2", from="d.okonkwo@nullpost.io", to="bkelso@gomail.com", subject="One file, quietly", content="A shipping firm called Harbourline is running containers ...", sentAt="1788553151439", metadata=undefined } | saved: { targetIp="34.119.8.27", gatewayIp="137.240.72.1" }
==============================================

==============================================
[04/09/2026, 22:19:48] [INFO]
----------------------------------------------
[RENDERER] [quest-editor] objective "read-brief" completed by Mail.Read
==============================================

==============================================
[04/09/2026, 22:19:53] [INFO]
----------------------------------------------
[RENDERER] [quest-editor] reached "OnComplete-Objective-IdentifyTarget" | event: "Yusuf Demir" | saved: { targetIp="34.119.8.27", gatewayIp="137.240.72.1" }
==============================================

==============================================
[04/09/2026, 22:19:53] [INFO]
----------------------------------------------
[RENDERER] [quest-editor] objective "identify-target" completed by Terminal.Lynx.Search
==============================================

==============================================
[04/09/2026, 22:19:53] [WARN]
----------------------------------------------
[RENDERER] [CompleteObjective] Objective "identify-target" already completed (in-memory) for quest TP4xzGNE1r
==============================================

==============================================
[04/09/2026, 22:20:19] [INFO]
----------------------------------------------
[RENDERER] [quest-editor] reached "OnComplete-Objective-FindServer" | event: { domain="harbourline-logistics.com", whois={object} } | saved: { targetIp="34.119.8.27", gatewayIp="137.240.72.1" }
==============================================

==============================================
[04/09/2026, 22:20:19] [INFO]
----------------------------------------------
[RENDERER] [quest-editor] objective "find-server" completed by Terminal.Whois
==============================================

==============================================
[04/09/2026, 22:20:19] [WARN]
----------------------------------------------
[RENDERER] [CompleteObjective] Objective "find-server" already completed (in-memory) for quest TP4xzGNE1r
==============================================

==============================================
[04/09/2026, 22:20:27] [INFO]
----------------------------------------------
[RENDERER] [quest-editor] reached "OnComplete-Objective-ScanServer" | event: { ip="34.119.8.27", versionScan="true" } | saved: { targetIp="34.119.8.27", gatewayIp="137.240.72.1" }
==============================================

==============================================
[04/09/2026, 22:20:27] [INFO]
----------------------------------------------
[RENDERER] [quest-editor] objective "scan-server" completed by Terminal.NmapScan
==============================================

==============================================
[04/09/2026, 22:20:27] [WARN]
----------------------------------------------
[RENDERER] [CompleteObjective] Objective "scan-server" already completed (in-memory) for quest TP4xzGNE1r
==============================================

==============================================
[04/09/2026, 22:21:01] [INFO]
----------------------------------------------
[RENDERER] [quest-editor] reached "OnComplete-Objective-GetIn" | event: { targetIp="34.119.8.27", targetPort="22", fromIp="191.76.152.109", user={object}, t="METASPLOIT" } | saved: { targetIp="34.119.8.27", gatewayIp="137.240.72.1" }
==============================================

==============================================
[04/09/2026, 22:21:01] [INFO]
----------------------------------------------
[RENDERER] [quest-editor] objective "get-in" completed by RemoteConnection.Established
==============================================

==============================================
[04/09/2026, 22:21:09] [INFO]
----------------------------------------------
[RENDERER] [quest-editor] reached "OnComplete-Objective-TakeManifest" | event: { name="manifest_q4", extension="csv", data="container,origin,declared,actual,consignee\nHLX-4471,Rotte...", parent="vDb6Xu3u9r", id="VFa1D5oEIj", locked=undefined, position={object}, deleteable=undefined, remote=undefined } | saved: { targetIp="34.119.8.27", gatewayIp="137.240.72.1" }
==============================================

==============================================
[04/09/2026, 22:21:09] [INFO]
----------------------------------------------
[RENDERER] [quest-editor] objective "take-manifest" completed by Terminal.SSH.FileDownload
==============================================

==============================================
[04/09/2026, 22:21:09] [WARN]
----------------------------------------------
[RENDERER] [CompleteObjective] Objective "take-manifest" already completed (in-memory) for quest TP4xzGNE1r
==============================================

==============================================
[04/09/2026, 22:21:27] [INFO]
----------------------------------------------
[RENDERER] [quest-editor] mail "Received" sent via Mail.send
==============================================

==============================================
[04/09/2026, 22:21:27] [INFO]
----------------------------------------------
[RENDERER] [quest-editor] reached "Out-PayThePlayer" | event: { id="NfCzp6pqFr", from="bkelso@gomail.com", to="d.okonkwo@nullpost.io", subject="Fiiiles", content="Attached!", sentAt="1788553287929", metadata=undefined } | saved: { targetIp="34.119.8.27", gatewayIp="137.240.72.1" }
==============================================

==============================================
[04/09/2026, 22:21:27] [INFO]
----------------------------------------------
[RENDERER] [quest-editor] reached "Out-Dialogue-Received" | event: { id="NfCzp6pqFr", from="bkelso@gomail.com", to="d.okonkwo@nullpost.io", subject="Fiiiles", content="Attached!", sentAt="1788553287929", metadata=undefined } | saved: { targetIp="34.119.8.27", gatewayIp="137.240.72.1" }
==============================================

==============================================
[04/09/2026, 22:21:27] [INFO]
----------------------------------------------
[RENDERER] [quest-editor] reached "OnComplete-Objective-SendManifest" | event: { id="NfCzp6pqFr", from="bkelso@gomail.com", to="d.okonkwo@nullpost.io", subject="Fiiiles", content="Attached!", sentAt="1788553287929", metadata=undefined } | saved: { targetIp="34.119.8.27", gatewayIp="137.240.72.1" }
==============================================

==============================================
[04/09/2026, 22:21:27] [INFO]
----------------------------------------------
[RENDERER] [quest-editor] OnComplete: starting
==============================================

==============================================
[04/09/2026, 22:21:27] [INFO]
----------------------------------------------
[RENDERER] [quest-editor] cleanup starting (complete): 2 item(s) to undo, leaving 1 network(s) standing
==============================================

==============================================
[04/09/2026, 22:21:27] [INFO]
----------------------------------------------
[RENDERER] [quest-editor] cleanup: commandData whois
==============================================

==============================================
[04/09/2026, 22:21:27] [INFO]
----------------------------------------------
[RENDERER] [quest-editor] cleanup: commandData lynx
==============================================

==============================================
[04/09/2026, 22:21:27] [INFO]
----------------------------------------------
[RENDERER] [quest-editor] cleanup finished
==============================================

==============================================
[04/09/2026, 22:21:27] [INFO]
----------------------------------------------
[RENDERER] [quest-editor] OnComplete: cleanup done, removing weechat servers
==============================================

==============================================
[04/09/2026, 22:21:27] [INFO]
----------------------------------------------
[RENDERER] [quest-editor] OnComplete: running end-of-quest nodes
==============================================

==============================================
[04/09/2026, 22:21:27] [INFO]
----------------------------------------------
[RENDERER] [quest-editor] OnComplete: finished, handing back to the game
==============================================

==============================================
[04/09/2026, 22:21:27] [INFO]
----------------------------------------------
[RENDERER] [quest-editor] objective "send-manifest" completed by Mail.Sent
==============================================

==============================================
[04/09/2026, 22:21:27] [WARN]
----------------------------------------------
[RENDERER] [CompleteObjective] Objective "send-manifest" already completed (in-memory) for quest TP4xzGNE1r
==============================================

==============================================
  APPLICATION CLOSING
  Time: 04/09/2026, 22:21:42
==============================================

==============================================
  HACKHUB LOG FILE
  Started: 04/09/2026, 22:30:38
  Version: 1.1.2
  Platform: win32
  Arch: x64
==============================================


==============================================
[04/09/2026, 22:30:38] [INFO]
----------------------------------------------
Steamworks initalized: Zeis [ZF] - 76561197976480835
==============================================

==============================================
[04/09/2026, 22:30:38] [INFO]
----------------------------------------------
[WorkshopController] initialized with appId: 2980270
==============================================

==============================================
[04/09/2026, 22:30:39] [INFO]
----------------------------------------------
[RENDERER] [quest-editor] The Harbour Manifest v1.0.0 loaded (editor build 2026-09-04.r82).
==============================================

==============================================
[04/09/2026, 22:30:39] [INFO]
----------------------------------------------
[RENDERER] [Markdown Note Editor] Mod loaded.
==============================================

==============================================
[04/09/2026, 22:30:39] [INFO]
----------------------------------------------
[RENDERER] [nemesis-protocol-stage1] Nemesis Protocol loaded. The mission is waiting in the HackHub feed.
==============================================

==============================================
[04/09/2026, 22:30:39] [INFO]
----------------------------------------------
[RENDERER] Custom Browser mod loaded with ordered categories!
==============================================

==============================================
[04/09/2026, 22:30:39] [INFO]
----------------------------------------------
[RENDERER] RetroArcade v1.0.0 loaded!
==============================================

==============================================
[04/09/2026, 22:30:39] [INFO]
----------------------------------------------
[RENDERER] [darknet-tree] Darknet-Tree loaded! Check the App Store for NotePad.
==============================================

==============================================
[04/09/2026, 22:30:39] [INFO]
----------------------------------------------
[RENDERER] [synthetik-wallet] Synthetik Wallet loaded! Find it in the App Store.
==============================================

==============================================
[04/09/2026, 22:30:39] [INFO]
----------------------------------------------
[RENDERER] [GhostLink] v1.0.2 loaded
==============================================

==============================================
[04/09/2026, 22:30:39] [INFO]
----------------------------------------------
[RENDERER] [python-is-python3] Mod loaded! Run: apt-get install python-is-python3
==============================================

==============================================
[04/09/2026, 22:30:39] [INFO]
----------------------------------------------
[RENDERER] Lockchain Wallet mod loaded: websites, phone wallet, marketplace, miner, and isolated RPC registered.
==============================================

==============================================
[04/09/2026, 22:30:39] [INFO]
----------------------------------------------
[RENDERER] [Fishception] biological daemon loaded
==============================================

==============================================
[04/09/2026, 22:30:39] [INFO]
----------------------------------------------
[RENDERER] [Beginner Handbook+] Registered 109 handbook pages without title prefixes. Language: en.
==============================================

==============================================
[04/09/2026, 22:30:39] [INFO]
----------------------------------------------
[RENDERER] [vault-manager] Vault Manager loaded — password vault & sticky notes ready.
==============================================

==============================================
[04/09/2026, 22:30:39] [ERROR]
----------------------------------------------
(node:35020) [DEP0169] DeprecationWarning: `url.parse()` behavior is not standardized and prone to errors that have security implications. Use the WHATWG URL API instead. CVEs are not issued for `url.parse()` vulnerabilities.
(Use `Hackhub --trace-deprecation ...` to show where the warning was created)
==============================================

==============================================
[04/09/2026, 22:30:40] [WARN]
----------------------------------------------
[Network] POST https://gateway.hotbunny.dev/hackhub/auth/steam/challenge failed after 669ms: ERR_BAD_REQUEST Request failed with status code 429
==============================================

==============================================
[04/09/2026, 22:30:52] [WARN]
----------------------------------------------
[RENDERER] [CompleteObjective] Objective "open_email" already completed (in-memory) for quest pFjtJ795zG
==============================================

==============================================
[04/09/2026, 22:30:52] [WARN]
----------------------------------------------
[RENDERER] [CompleteObjective] Objective "open_bank" already completed (in-memory) for quest pFjtJ795zG
==============================================

==============================================
[04/09/2026, 22:30:52] [INFO]
----------------------------------------------
[RENDERER] [quest-editor] quest "HarbourAbaseline" started (1 entry point)
==============================================

==============================================
[04/09/2026, 22:30:52] [INFO]
----------------------------------------------
[RENDERER] [quest-editor] mail "One file, quietly" sent via Mail.send
==============================================

==============================================
[04/09/2026, 22:30:52] [INFO]
----------------------------------------------
[RENDERER] [quest-editor] quest "HarbourAbaseline" objectives started
==============================================

==============================================
[04/09/2026, 22:30:52] [INFO]
----------------------------------------------
[RENDERER] [quest-editor] objective "read-brief" is listening for Mail.Read
==============================================

==============================================
[04/09/2026, 22:30:52] [INFO]
----------------------------------------------
[RENDERER] [quest-editor] objective "identify-target" is listening for Terminal.Lynx.Search
==============================================

==============================================
[04/09/2026, 22:30:52] [INFO]
----------------------------------------------
[RENDERER] [quest-editor] objective "find-server" is listening for Terminal.Whois
==============================================

==============================================
[04/09/2026, 22:30:52] [INFO]
----------------------------------------------
[RENDERER] [quest-editor] objective "scan-server" is listening for Terminal.NmapScan
==============================================

==============================================
[04/09/2026, 22:30:52] [INFO]
----------------------------------------------
[RENDERER] [quest-editor] objective "get-in" is listening for Metasploit.Meterpreter.Connected, RemoteConnection.Established, Terminal.SSH.Connected
==============================================

==============================================
[04/09/2026, 22:30:52] [INFO]
----------------------------------------------
[RENDERER] [quest-editor] objective "take-manifest" is listening for Terminal.SSH.FileDownload
==============================================

==============================================
[04/09/2026, 22:30:52] [INFO]
----------------------------------------------
[RENDERER] [quest-editor] objective "send-manifest" is listening for Mail.Sent
==============================================

==============================================
[04/09/2026, 22:31:35] [INFO]
----------------------------------------------
[RENDERER] [quest-editor] objective "read-brief" completed by Mail.Read
==============================================

==============================================
[04/09/2026, 22:31:39] [INFO]
----------------------------------------------
[RENDERER] [quest-editor] objective "identify-target" completed by Terminal.Lynx.Search
==============================================

==============================================
[04/09/2026, 22:31:39] [WARN]
----------------------------------------------
[RENDERER] [CompleteObjective] Objective "identify-target" already completed (in-memory) for quest zjp7Ca0emF
==============================================

==============================================
[04/09/2026, 22:31:59] [ERROR]
----------------------------------------------
[RENDERER] [synthetik-wallet] tickPrices:farm failed: [ContentSDK] Mod "null" tried to use UI.toast without "ui" permission. Add "ui" to the permissions array in your manifest.json. Error: [ContentSDK] Mod "null" tried to use UI.toast without "ui" permission. Add "ui" to the permissions array in your manifest.json.
    at ph (file:///S:/SteamLibrary/steamapps/common/Hackhub/resources/app.asar/dist/assets/index.js:171006:51009)
    at Object.toast (file:///S:/SteamLibrary/steamapps/common/Hackhub/resources/app.asar/dist/assets/index.js:171006:76958)
    at Object.s [as toast] (file:///S:/SteamLibrary/steamapps/common/Hackhub/resources/app.asar/dist/assets/index.js:171006:44638)
    at SynthetikWallet.tickPricesInner (eval at KDr (file:///S:/SteamLibrary/steamapps/common/Hackhub/resources/app.asar/dist/assets/index.js:171006:85724), <anonymous>:5056:45)
    at SynthetikWallet.tickPrices (eval at KDr (file:///S:/SteamLibrary/steamapps/common/Hackhub/resources/app.asar/dist/assets/index.js:171006:85724), <anonymous>:4998:12)
    at eval (eval at KDr (file:///S:/SteamLibrary/steamapps/common/Hackhub/resources/app.asar/dist/assets/index.js:171006:85724), <anonymous>:4884:14)
==============================================

==============================================
[04/09/2026, 22:32:08] [INFO]
----------------------------------------------
[RENDERER] [quest-editor] objective "find-server" completed by Terminal.Whois
==============================================

==============================================
[04/09/2026, 22:32:08] [WARN]
----------------------------------------------
[RENDERER] [CompleteObjective] Objective "find-server" already completed (in-memory) for quest zjp7Ca0emF
==============================================

==============================================
[04/09/2026, 22:32:18] [INFO]
----------------------------------------------
[RENDERER] [quest-editor] objective "scan-server" completed by Terminal.NmapScan
==============================================

==============================================
[04/09/2026, 22:32:18] [WARN]
----------------------------------------------
[RENDERER] [CompleteObjective] Objective "scan-server" already completed (in-memory) for quest zjp7Ca0emF
==============================================

==============================================
[04/09/2026, 22:32:54] [INFO]
----------------------------------------------
[RENDERER] [quest-editor] objective "get-in" completed by RemoteConnection.Established
==============================================

==============================================
[04/09/2026, 22:33:04] [INFO]
----------------------------------------------
[RENDERER] [quest-editor] objective "take-manifest" completed by Terminal.SSH.FileDownload
==============================================

==============================================
[04/09/2026, 22:33:04] [WARN]
----------------------------------------------
[RENDERER] [CompleteObjective] Objective "take-manifest" already completed (in-memory) for quest zjp7Ca0emF
==============================================

==============================================
[04/09/2026, 22:33:21] [INFO]
----------------------------------------------
[RENDERER] [quest-editor] mail "Received" sent via Mail.send
==============================================

==============================================
[04/09/2026, 22:33:21] [INFO]
----------------------------------------------
[RENDERER] [quest-editor] OnComplete: starting
==============================================

==============================================
[04/09/2026, 22:33:21] [INFO]
----------------------------------------------
[RENDERER] [quest-editor] cleanup starting (complete): 2 item(s) to undo, leaving 1 network(s) standing
==============================================

==============================================
[04/09/2026, 22:33:21] [INFO]
----------------------------------------------
[RENDERER] [quest-editor] cleanup: commandData whois
==============================================

==============================================
[04/09/2026, 22:33:21] [INFO]
----------------------------------------------
[RENDERER] [quest-editor] cleanup: commandData lynx
==============================================

==============================================
[04/09/2026, 22:33:21] [INFO]
----------------------------------------------
[RENDERER] [quest-editor] cleanup finished
==============================================

==============================================
[04/09/2026, 22:33:21] [INFO]
----------------------------------------------
[RENDERER] [quest-editor] OnComplete: cleanup done, removing weechat servers
==============================================

==============================================
[04/09/2026, 22:33:21] [INFO]
----------------------------------------------
[RENDERER] [quest-editor] OnComplete: running end-of-quest nodes
==============================================

==============================================
[04/09/2026, 22:33:21] [INFO]
----------------------------------------------
[RENDERER] [quest-editor] OnComplete: finished, handing back to the game
==============================================

==============================================
[04/09/2026, 22:33:21] [INFO]
----------------------------------------------
[RENDERER] [quest-editor] objective "send-manifest" completed by Mail.Sent
==============================================

==============================================
[04/09/2026, 22:33:21] [WARN]
----------------------------------------------
[RENDERER] [CompleteObjective] Objective "send-manifest" already completed (in-memory) for quest zjp7Ca0emF
==============================================

==============================================
  APPLICATION CLOSING
  Time: 04/09/2026, 22:33:33
==============================================

==============================================
  HACKHUB LOG FILE
  Started: 04/09/2026, 22:34:07
  Version: 1.1.2
  Platform: win32
  Arch: x64
==============================================


==============================================
[04/09/2026, 22:34:07] [INFO]
----------------------------------------------
Steamworks initalized: Zeis [ZF] - 76561197976480835
==============================================

==============================================
[04/09/2026, 22:34:07] [INFO]
----------------------------------------------
[WorkshopController] initialized with appId: 2980270
==============================================

==============================================
[04/09/2026, 22:34:08] [INFO]
----------------------------------------------
[RENDERER] [quest-editor] The Harbour Manifest v1.0.0 loaded (editor build 2026-09-04.r82).
==============================================

==============================================
[04/09/2026, 22:34:08] [INFO]
----------------------------------------------
[RENDERER] [Markdown Note Editor] Mod loaded.
==============================================

==============================================
[04/09/2026, 22:34:08] [INFO]
----------------------------------------------
[RENDERER] [nemesis-protocol-stage1] Nemesis Protocol loaded. The mission is waiting in the HackHub feed.
==============================================

==============================================
[04/09/2026, 22:34:08] [INFO]
----------------------------------------------
[RENDERER] Custom Browser mod loaded with ordered categories!
==============================================

==============================================
[04/09/2026, 22:34:08] [INFO]
----------------------------------------------
[RENDERER] RetroArcade v1.0.0 loaded!
==============================================

==============================================
[04/09/2026, 22:34:08] [INFO]
----------------------------------------------
[RENDERER] [darknet-tree] Darknet-Tree loaded! Check the App Store for NotePad.
==============================================

==============================================
[04/09/2026, 22:34:08] [INFO]
----------------------------------------------
[RENDERER] [synthetik-wallet] Synthetik Wallet loaded! Find it in the App Store.
==============================================

==============================================
[04/09/2026, 22:34:08] [INFO]
----------------------------------------------
[RENDERER] [GhostLink] v1.0.2 loaded
==============================================

==============================================
[04/09/2026, 22:34:08] [INFO]
----------------------------------------------
[RENDERER] [python-is-python3] Mod loaded! Run: apt-get install python-is-python3
==============================================

==============================================
[04/09/2026, 22:34:08] [INFO]
----------------------------------------------
[RENDERER] Lockchain Wallet mod loaded: websites, phone wallet, marketplace, miner, and isolated RPC registered.
==============================================

==============================================
[04/09/2026, 22:34:08] [INFO]
----------------------------------------------
[RENDERER] [Fishception] biological daemon loaded
==============================================

==============================================
[04/09/2026, 22:34:08] [INFO]
----------------------------------------------
[RENDERER] [Beginner Handbook+] Registered 109 handbook pages without title prefixes. Language: en.
==============================================

==============================================
[04/09/2026, 22:34:08] [INFO]
----------------------------------------------
[RENDERER] [vault-manager] Vault Manager loaded — password vault & sticky notes ready.
==============================================

==============================================
[04/09/2026, 22:34:09] [ERROR]
----------------------------------------------
(node:38864) [DEP0169] DeprecationWarning: `url.parse()` behavior is not standardized and prone to errors that have security implications. Use the WHATWG URL API instead. CVEs are not issued for `url.parse()` vulnerabilities.
(Use `Hackhub --trace-deprecation ...` to show where the warning was created)
==============================================

==============================================
[04/09/2026, 22:34:21] [WARN]
----------------------------------------------
[RENDERER] [CompleteObjective] Objective "open_email" already completed (in-memory) for quest pFjtJ795zG
==============================================

==============================================
[04/09/2026, 22:34:21] [WARN]
----------------------------------------------
[RENDERER] [CompleteObjective] Objective "open_bank" already completed (in-memory) for quest pFjtJ795zG
==============================================

==============================================
[04/09/2026, 22:34:21] [INFO]
----------------------------------------------
[RENDERER] [quest-editor] quest "HarbourBnopayment" started (1 entry point)
==============================================

==============================================
[04/09/2026, 22:34:21] [INFO]
----------------------------------------------
[RENDERER] [quest-editor] mail "One file, quietly" sent via Mail.send
==============================================

==============================================
[04/09/2026, 22:34:21] [INFO]
----------------------------------------------
[RENDERER] [quest-editor] quest "HarbourBnopayment" objectives started
==============================================

==============================================
[04/09/2026, 22:34:21] [INFO]
----------------------------------------------
[RENDERER] [quest-editor] objective "read-brief" is listening for Mail.Read
==============================================

==============================================
[04/09/2026, 22:34:21] [INFO]
----------------------------------------------
[RENDERER] [quest-editor] objective "identify-target" is listening for Terminal.Lynx.Search
==============================================

==============================================
[04/09/2026, 22:34:21] [INFO]
----------------------------------------------
[RENDERER] [quest-editor] objective "find-server" is listening for Terminal.Whois
==============================================

==============================================
[04/09/2026, 22:34:21] [INFO]
----------------------------------------------
[RENDERER] [quest-editor] objective "scan-server" is listening for Terminal.NmapScan
==============================================

==============================================
[04/09/2026, 22:34:21] [INFO]
----------------------------------------------
[RENDERER] [quest-editor] objective "get-in" is listening for Metasploit.Meterpreter.Connected, RemoteConnection.Established, Terminal.SSH.Connected
==============================================

==============================================
[04/09/2026, 22:34:21] [INFO]
----------------------------------------------
[RENDERER] [quest-editor] objective "take-manifest" is listening for Terminal.SSH.FileDownload
==============================================

==============================================
[04/09/2026, 22:34:21] [INFO]
----------------------------------------------
[RENDERER] [quest-editor] objective "send-manifest" is listening for Mail.Sent
==============================================

==============================================
[04/09/2026, 22:34:51] [INFO]
----------------------------------------------
[RENDERER] [quest-editor] objective "read-brief" completed by Mail.Read
==============================================

==============================================
[04/09/2026, 22:35:01] [INFO]
----------------------------------------------
[RENDERER] [quest-editor] objective "identify-target" completed by Terminal.Lynx.Search
==============================================

==============================================
[04/09/2026, 22:35:01] [WARN]
----------------------------------------------
[RENDERER] [CompleteObjective] Objective "identify-target" already completed (in-memory) for quest 4U7lIBHx3H
==============================================

==============================================
[04/09/2026, 22:35:27] [INFO]
----------------------------------------------
[RENDERER] [quest-editor] objective "find-server" completed by Terminal.Whois
==============================================

==============================================
[04/09/2026, 22:35:27] [WARN]
----------------------------------------------
[RENDERER] [CompleteObjective] Objective "find-server" already completed (in-memory) for quest 4U7lIBHx3H
==============================================

==============================================
[04/09/2026, 22:35:36] [INFO]
----------------------------------------------
[RENDERER] [quest-editor] objective "scan-server" completed by Terminal.NmapScan
==============================================

==============================================
[04/09/2026, 22:35:36] [WARN]
----------------------------------------------
[RENDERER] [CompleteObjective] Objective "scan-server" already completed (in-memory) for quest 4U7lIBHx3H
==============================================

==============================================
[04/09/2026, 22:36:07] [INFO]
----------------------------------------------
[RENDERER] [quest-editor] objective "get-in" completed by RemoteConnection.Established
==============================================

==============================================
[04/09/2026, 22:36:16] [INFO]
----------------------------------------------
[RENDERER] [quest-editor] objective "take-manifest" completed by Terminal.SSH.FileDownload
==============================================

==============================================
[04/09/2026, 22:36:16] [WARN]
----------------------------------------------
[RENDERER] [CompleteObjective] Objective "take-manifest" already completed (in-memory) for quest 4U7lIBHx3H
==============================================

==============================================
[04/09/2026, 22:36:38] [INFO]
----------------------------------------------
[RENDERER] [quest-editor] mail "Received" sent via Mail.send
==============================================

==============================================
[04/09/2026, 22:36:38] [INFO]
----------------------------------------------
[RENDERER] [quest-editor] OnComplete: starting
==============================================

==============================================
[04/09/2026, 22:36:38] [INFO]
----------------------------------------------
[RENDERER] [quest-editor] cleanup starting (complete): 2 item(s) to undo, leaving 1 network(s) standing
==============================================

==============================================
[04/09/2026, 22:36:38] [INFO]
----------------------------------------------
[RENDERER] [quest-editor] cleanup: commandData whois
==============================================

==============================================
[04/09/2026, 22:36:38] [INFO]
----------------------------------------------
[RENDERER] [quest-editor] cleanup: commandData lynx
==============================================

==============================================
[04/09/2026, 22:36:38] [INFO]
----------------------------------------------
[RENDERER] [quest-editor] cleanup finished
==============================================

==============================================
[04/09/2026, 22:36:38] [INFO]
----------------------------------------------
[RENDERER] [quest-editor] OnComplete: cleanup done, removing weechat servers
==============================================

==============================================
[04/09/2026, 22:36:38] [INFO]
----------------------------------------------
[RENDERER] [quest-editor] OnComplete: running end-of-quest nodes
==============================================

==============================================
[04/09/2026, 22:36:38] [INFO]
----------------------------------------------
[RENDERER] [quest-editor] OnComplete: finished, handing back to the game
==============================================

==============================================
[04/09/2026, 22:36:38] [INFO]
----------------------------------------------
[RENDERER] [quest-editor] objective "send-manifest" completed by Mail.Sent
==============================================

==============================================
[04/09/2026, 22:36:38] [WARN]
----------------------------------------------
[RENDERER] [CompleteObjective] Objective "send-manifest" already completed (in-memory) for quest 4U7lIBHx3H
==============================================

==============================================
  APPLICATION CLOSING
  Time: 04/09/2026, 22:36:56
==============================================

==============================================
  HACKHUB LOG FILE
  Started: 04/09/2026, 22:37:40
  Version: 1.1.2
  Platform: win32
  Arch: x64
==============================================


==============================================
[04/09/2026, 22:37:41] [INFO]
----------------------------------------------
Steamworks initalized: Zeis [ZF] - 76561197976480835
==============================================

==============================================
[04/09/2026, 22:37:41] [INFO]
----------------------------------------------
[WorkshopController] initialized with appId: 2980270
==============================================

==============================================
[04/09/2026, 22:37:41] [INFO]
----------------------------------------------
[RENDERER] [quest-editor] The Harbour Manifest v1.0.0 loaded (editor build 2026-09-04.r82).
==============================================

==============================================
[04/09/2026, 22:37:41] [INFO]
----------------------------------------------
[RENDERER] [Markdown Note Editor] Mod loaded.
==============================================

==============================================
[04/09/2026, 22:37:41] [INFO]
----------------------------------------------
[RENDERER] [nemesis-protocol-stage1] Nemesis Protocol loaded. The mission is waiting in the HackHub feed.
==============================================

==============================================
[04/09/2026, 22:37:41] [INFO]
----------------------------------------------
[RENDERER] Custom Browser mod loaded with ordered categories!
==============================================

==============================================
[04/09/2026, 22:37:41] [INFO]
----------------------------------------------
[RENDERER] RetroArcade v1.0.0 loaded!
==============================================

==============================================
[04/09/2026, 22:37:41] [INFO]
----------------------------------------------
[RENDERER] [darknet-tree] Darknet-Tree loaded! Check the App Store for NotePad.
==============================================

==============================================
[04/09/2026, 22:37:41] [INFO]
----------------------------------------------
[RENDERER] [synthetik-wallet] Synthetik Wallet loaded! Find it in the App Store.
==============================================

==============================================
[04/09/2026, 22:37:41] [INFO]
----------------------------------------------
[RENDERER] [GhostLink] v1.0.2 loaded
==============================================

==============================================
[04/09/2026, 22:37:41] [INFO]
----------------------------------------------
[RENDERER] [python-is-python3] Mod loaded! Run: apt-get install python-is-python3
==============================================

==============================================
[04/09/2026, 22:37:41] [INFO]
----------------------------------------------
[RENDERER] Lockchain Wallet mod loaded: websites, phone wallet, marketplace, miner, and isolated RPC registered.
==============================================

==============================================
[04/09/2026, 22:37:41] [INFO]
----------------------------------------------
[RENDERER] [Fishception] biological daemon loaded
==============================================

==============================================
[04/09/2026, 22:37:41] [INFO]
----------------------------------------------
[RENDERER] [Beginner Handbook+] Registered 109 handbook pages without title prefixes. Language: en.
==============================================

==============================================
[04/09/2026, 22:37:41] [INFO]
----------------------------------------------
[RENDERER] [vault-manager] Vault Manager loaded — password vault & sticky notes ready.
==============================================

==============================================
[04/09/2026, 22:37:42] [ERROR]
----------------------------------------------
(node:32128) [DEP0169] DeprecationWarning: `url.parse()` behavior is not standardized and prone to errors that have security implications. Use the WHATWG URL API instead. CVEs are not issued for `url.parse()` vulnerabilities.
(Use `Hackhub --trace-deprecation ...` to show where the warning was created)
==============================================

==============================================
[04/09/2026, 22:37:42] [WARN]
----------------------------------------------
[Network] POST https://gateway.hotbunny.dev/hackhub/auth/steam/challenge failed after 651ms: ERR_BAD_REQUEST Request failed with status code 429
==============================================

==============================================
[04/09/2026, 22:37:44] [WARN]
----------------------------------------------
[Network] POST https://gateway.hotbunny.dev/hackhub/auth/steam failed after 233ms: ERR_BAD_REQUEST Request failed with status code 429
==============================================

==============================================
[04/09/2026, 22:37:45] [WARN]
----------------------------------------------
[Network] POST https://gateway.hotbunny.dev/hackhub/auth/steam/challenge failed after 225ms: ERR_BAD_REQUEST Request failed with status code 429
==============================================

==============================================
[04/09/2026, 22:37:46] [WARN]
----------------------------------------------
[Network] POST https://gateway.hotbunny.dev/hackhub/auth/steam/challenge failed after 231ms: ERR_BAD_REQUEST Request failed with status code 429
==============================================

==============================================
[04/09/2026, 22:37:46] [WARN]
----------------------------------------------
[Network] POST https://gateway.hotbunny.dev/hackhub/auth/steam/challenge failed after 245ms: ERR_BAD_REQUEST Request failed with status code 429
==============================================

==============================================
[04/09/2026, 22:37:47] [WARN]
----------------------------------------------
[Network] POST https://gateway.hotbunny.dev/hackhub/auth/steam/challenge failed after 258ms: ERR_BAD_REQUEST Request failed with status code 429
==============================================

==============================================
[04/09/2026, 22:37:47] [WARN]
----------------------------------------------
[Network] GET https://gateway.hotbunny.dev/hackhub/announcements?limit=10 failed after 220ms: ERR_BAD_REQUEST Request failed with status code 401
==============================================

==============================================
[04/09/2026, 22:37:47] [WARN]
----------------------------------------------
[Network] GET https://gateway.hotbunny.dev/hackhub/stats failed after 232ms: ERR_BAD_REQUEST Request failed with status code 401
==============================================

==============================================
[04/09/2026, 22:37:47] [WARN]
----------------------------------------------
[Network] GET https://gateway.hotbunny.dev/hackhub/polls failed after 460ms: ERR_BAD_REQUEST Request failed with status code 401
==============================================

==============================================
[04/09/2026, 22:37:47] [WARN]
----------------------------------------------
[Network] GET https://gateway.hotbunny.dev/hackhub/actions failed after 458ms: ERR_BAD_REQUEST Request failed with status code 401
==============================================

==============================================
[04/09/2026, 22:37:47] [WARN]
----------------------------------------------
[Network] GET https://gateway.hotbunny.dev/hackhub/pages failed after 468ms: ERR_BAD_REQUEST Request failed with status code 401
==============================================

==============================================
[04/09/2026, 22:37:47] [WARN]
----------------------------------------------
[Network] GET https://gateway.hotbunny.dev/hackhub/dlc-store/config failed after 475ms: ERR_BAD_REQUEST Request failed with status code 401
==============================================

==============================================
[04/09/2026, 22:37:47] [WARN]
----------------------------------------------
[Network] GET https://gateway.hotbunny.dev/hackhub/featured-mods failed after 516ms: ERR_BAD_REQUEST Request failed with status code 401
==============================================

==============================================
[04/09/2026, 22:37:50] [WARN]
----------------------------------------------
[RENDERER] [CompleteObjective] Objective "open_email" already completed (in-memory) for quest pFjtJ795zG
==============================================

==============================================
[04/09/2026, 22:37:50] [WARN]
----------------------------------------------
[RENDERER] [CompleteObjective] Objective "open_bank" already completed (in-memory) for quest pFjtJ795zG
==============================================

==============================================
[04/09/2026, 22:37:50] [INFO]
----------------------------------------------
[RENDERER] [quest-editor] quest "HarbourCnoclosingmail" started (1 entry point)
==============================================

==============================================
[04/09/2026, 22:37:50] [INFO]
----------------------------------------------
[RENDERER] [quest-editor] mail "One file, quietly" sent via Mail.send
==============================================

==============================================
[04/09/2026, 22:37:50] [INFO]
----------------------------------------------
[RENDERER] [quest-editor] quest "HarbourCnoclosingmail" objectives started
==============================================

==============================================
[04/09/2026, 22:37:50] [INFO]
----------------------------------------------
[RENDERER] [quest-editor] objective "read-brief" is listening for Mail.Read
==============================================

==============================================
[04/09/2026, 22:37:50] [INFO]
----------------------------------------------
[RENDERER] [quest-editor] objective "identify-target" is listening for Terminal.Lynx.Search
==============================================

==============================================
[04/09/2026, 22:37:50] [INFO]
----------------------------------------------
[RENDERER] [quest-editor] objective "find-server" is listening for Terminal.Whois
==============================================

==============================================
[04/09/2026, 22:37:50] [INFO]
----------------------------------------------
[RENDERER] [quest-editor] objective "scan-server" is listening for Terminal.NmapScan
==============================================

==============================================
[04/09/2026, 22:37:50] [INFO]
----------------------------------------------
[RENDERER] [quest-editor] objective "get-in" is listening for Metasploit.Meterpreter.Connected, RemoteConnection.Established, Terminal.SSH.Connected
==============================================

==============================================
[04/09/2026, 22:37:50] [INFO]
----------------------------------------------
[RENDERER] [quest-editor] objective "take-manifest" is listening for Terminal.SSH.FileDownload
==============================================

==============================================
[04/09/2026, 22:37:50] [INFO]
----------------------------------------------
[RENDERER] [quest-editor] objective "send-manifest" is listening for Mail.Sent
==============================================

==============================================
[04/09/2026, 22:38:27] [INFO]
----------------------------------------------
[RENDERER] [quest-editor] objective "read-brief" completed by Mail.Read
==============================================

==============================================
[04/09/2026, 22:38:31] [INFO]
----------------------------------------------
[RENDERER] [quest-editor] objective "identify-target" completed by Terminal.Lynx.Search
==============================================

==============================================
[04/09/2026, 22:38:31] [WARN]
----------------------------------------------
[RENDERER] [CompleteObjective] Objective "identify-target" already completed (in-memory) for quest ci8X81gs7g
==============================================

==============================================
[04/09/2026, 22:39:03] [INFO]
----------------------------------------------
[RENDERER] [quest-editor] objective "find-server" completed by Terminal.Whois
==============================================

==============================================
[04/09/2026, 22:39:03] [WARN]
----------------------------------------------
[RENDERER] [CompleteObjective] Objective "find-server" already completed (in-memory) for quest ci8X81gs7g
==============================================

==============================================
[04/09/2026, 22:39:34] [INFO]
----------------------------------------------
[RENDERER] [quest-editor] objective "scan-server" completed by Terminal.NmapScan
==============================================

==============================================
[04/09/2026, 22:39:34] [WARN]
----------------------------------------------
[RENDERER] [CompleteObjective] Objective "scan-server" already completed (in-memory) for quest ci8X81gs7g
==============================================

==============================================
[04/09/2026, 22:39:41] [ERROR]
----------------------------------------------
[RENDERER] [synthetik-wallet] tickPrices:farm failed: [ContentSDK] Mod "null" tried to use UI.toast without "ui" permission. Add "ui" to the permissions array in your manifest.json. Error: [ContentSDK] Mod "null" tried to use UI.toast without "ui" permission. Add "ui" to the permissions array in your manifest.json.
    at ph (file:///S:/SteamLibrary/steamapps/common/Hackhub/resources/app.asar/dist/assets/index.js:171006:51009)
    at Object.toast (file:///S:/SteamLibrary/steamapps/common/Hackhub/resources/app.asar/dist/assets/index.js:171006:76958)
    at Object.s [as toast] (file:///S:/SteamLibrary/steamapps/common/Hackhub/resources/app.asar/dist/assets/index.js:171006:44638)
    at SynthetikWallet.tickPricesInner (eval at KDr (file:///S:/SteamLibrary/steamapps/common/Hackhub/resources/app.asar/dist/assets/index.js:171006:85724), <anonymous>:5056:45)
    at SynthetikWallet.tickPrices (eval at KDr (file:///S:/SteamLibrary/steamapps/common/Hackhub/resources/app.asar/dist/assets/index.js:171006:85724), <anonymous>:4998:12)
    at eval (eval at KDr (file:///S:/SteamLibrary/steamapps/common/Hackhub/resources/app.asar/dist/assets/index.js:171006:85724), <anonymous>:4884:14)
==============================================

==============================================
[04/09/2026, 22:40:12] [INFO]
----------------------------------------------
[RENDERER] [quest-editor] objective "get-in" completed by RemoteConnection.Established
==============================================

==============================================
[04/09/2026, 22:40:19] [INFO]
----------------------------------------------
[RENDERER] [quest-editor] objective "take-manifest" completed by Terminal.SSH.FileDownload
==============================================

==============================================
[04/09/2026, 22:40:19] [WARN]
----------------------------------------------
[RENDERER] [CompleteObjective] Objective "take-manifest" already completed (in-memory) for quest ci8X81gs7g
==============================================

==============================================
[04/09/2026, 22:40:38] [INFO]
----------------------------------------------
[RENDERER] [quest-editor] OnComplete: starting
==============================================

==============================================
[04/09/2026, 22:40:38] [INFO]
----------------------------------------------
[RENDERER] [quest-editor] cleanup starting (complete): 2 item(s) to undo, leaving 1 network(s) standing
==============================================

==============================================
[04/09/2026, 22:40:38] [INFO]
----------------------------------------------
[RENDERER] [quest-editor] cleanup: commandData whois
==============================================

==============================================
[04/09/2026, 22:40:38] [INFO]
----------------------------------------------
[RENDERER] [quest-editor] cleanup: commandData lynx
==============================================

==============================================
[04/09/2026, 22:40:38] [INFO]
----------------------------------------------
[RENDERER] [quest-editor] cleanup finished
==============================================

==============================================
[04/09/2026, 22:40:38] [INFO]
----------------------------------------------
[RENDERER] [quest-editor] OnComplete: cleanup done, removing weechat servers
==============================================

==============================================
[04/09/2026, 22:40:38] [INFO]
----------------------------------------------
[RENDERER] [quest-editor] OnComplete: running end-of-quest nodes
==============================================

==============================================
[04/09/2026, 22:40:38] [INFO]
----------------------------------------------
[RENDERER] [quest-editor] OnComplete: finished, handing back to the game
==============================================

==============================================
[04/09/2026, 22:40:38] [INFO]
----------------------------------------------
[RENDERER] [quest-editor] objective "send-manifest" completed by Mail.Sent
==============================================

==============================================
[04/09/2026, 22:40:38] [WARN]
----------------------------------------------
[RENDERER] [CompleteObjective] Objective "send-manifest" already completed (in-memory) for quest ci8X81gs7g
==============================================

==============================================
  APPLICATION CLOSING
  Time: 04/09/2026, 22:40:52
==============================================

==============================================
  HACKHUB LOG FILE
  Started: 04/09/2026, 22:41:18
  Version: 1.1.2
  Platform: win32
  Arch: x64
==============================================


==============================================
[04/09/2026, 22:41:19] [INFO]
----------------------------------------------
Steamworks initalized: Zeis [ZF] - 76561197976480835
==============================================

==============================================
[04/09/2026, 22:41:19] [INFO]
----------------------------------------------
[WorkshopController] initialized with appId: 2980270
==============================================

==============================================
[04/09/2026, 22:41:19] [INFO]
----------------------------------------------
[RENDERER] [quest-editor] The Harbour Manifest v1.0.0 loaded (editor build 2026-09-04.r82).
==============================================

==============================================
[04/09/2026, 22:41:19] [INFO]
----------------------------------------------
[RENDERER] [Markdown Note Editor] Mod loaded.
==============================================

==============================================
[04/09/2026, 22:41:19] [INFO]
----------------------------------------------
[RENDERER] [nemesis-protocol-stage1] Nemesis Protocol loaded. The mission is waiting in the HackHub feed.
==============================================

==============================================
[04/09/2026, 22:41:19] [INFO]
----------------------------------------------
[RENDERER] Custom Browser mod loaded with ordered categories!
==============================================

==============================================
[04/09/2026, 22:41:19] [INFO]
----------------------------------------------
[RENDERER] RetroArcade v1.0.0 loaded!
==============================================

==============================================
[04/09/2026, 22:41:19] [INFO]
----------------------------------------------
[RENDERER] [darknet-tree] Darknet-Tree loaded! Check the App Store for NotePad.
==============================================

==============================================
[04/09/2026, 22:41:19] [INFO]
----------------------------------------------
[RENDERER] [synthetik-wallet] Synthetik Wallet loaded! Find it in the App Store.
==============================================

==============================================
[04/09/2026, 22:41:19] [INFO]
----------------------------------------------
[RENDERER] [GhostLink] v1.0.2 loaded
==============================================

==============================================
[04/09/2026, 22:41:19] [INFO]
----------------------------------------------
[RENDERER] [python-is-python3] Mod loaded! Run: apt-get install python-is-python3
==============================================

==============================================
[04/09/2026, 22:41:19] [INFO]
----------------------------------------------
[RENDERER] Lockchain Wallet mod loaded: websites, phone wallet, marketplace, miner, and isolated RPC registered.
==============================================

==============================================
[04/09/2026, 22:41:19] [INFO]
----------------------------------------------
[RENDERER] [Fishception] biological daemon loaded
==============================================

==============================================
[04/09/2026, 22:41:19] [INFO]
----------------------------------------------
[RENDERER] [Beginner Handbook+] Registered 109 handbook pages without title prefixes. Language: en.
==============================================

==============================================
[04/09/2026, 22:41:19] [INFO]
----------------------------------------------
[RENDERER] [vault-manager] Vault Manager loaded — password vault & sticky notes ready.
==============================================

==============================================
[04/09/2026, 22:41:20] [ERROR]
----------------------------------------------
(node:38400) [DEP0169] DeprecationWarning: `url.parse()` behavior is not standardized and prone to errors that have security implications. Use the WHATWG URL API instead. CVEs are not issued for `url.parse()` vulnerabilities.
(Use `Hackhub --trace-deprecation ...` to show where the warning was created)
==============================================

==============================================
[04/09/2026, 22:41:26] [WARN]
----------------------------------------------
[RENDERER] [CompleteObjective] Objective "open_email" already completed (in-memory) for quest pFjtJ795zG
==============================================

==============================================
[04/09/2026, 22:41:26] [WARN]
----------------------------------------------
[RENDERER] [CompleteObjective] Objective "open_bank" already completed (in-memory) for quest pFjtJ795zG
==============================================

==============================================
[04/09/2026, 22:41:26] [INFO]
----------------------------------------------
[RENDERER] [quest-editor] quest "HarbourDnoautocomplete" started (1 entry point)
==============================================

==============================================
[04/09/2026, 22:41:26] [INFO]
----------------------------------------------
[RENDERER] [quest-editor] mail "One file, quietly" sent via Mail.send
==============================================

==============================================
[04/09/2026, 22:41:26] [INFO]
----------------------------------------------
[RENDERER] [quest-editor] quest "HarbourDnoautocomplete" objectives started
==============================================

==============================================
[04/09/2026, 22:41:26] [INFO]
----------------------------------------------
[RENDERER] [quest-editor] objective "read-brief" is listening for Mail.Read
==============================================

==============================================
[04/09/2026, 22:41:26] [INFO]
----------------------------------------------
[RENDERER] [quest-editor] objective "identify-target" is listening for Terminal.Lynx.Search
==============================================

==============================================
[04/09/2026, 22:41:26] [INFO]
----------------------------------------------
[RENDERER] [quest-editor] objective "find-server" is listening for Terminal.Whois
==============================================

==============================================
[04/09/2026, 22:41:26] [INFO]
----------------------------------------------
[RENDERER] [quest-editor] objective "scan-server" is listening for Terminal.NmapScan
==============================================

==============================================
[04/09/2026, 22:41:26] [INFO]
----------------------------------------------
[RENDERER] [quest-editor] objective "get-in" is listening for Metasploit.Meterpreter.Connected, RemoteConnection.Established, Terminal.SSH.Connected
==============================================

==============================================
[04/09/2026, 22:41:26] [INFO]
----------------------------------------------
[RENDERER] [quest-editor] objective "take-manifest" is listening for Terminal.SSH.FileDownload
==============================================

==============================================
[04/09/2026, 22:41:26] [INFO]
----------------------------------------------
[RENDERER] [quest-editor] objective "send-manifest" is listening for Mail.Sent
==============================================

==============================================
[04/09/2026, 22:41:57] [INFO]
----------------------------------------------
[RENDERER] [quest-editor] objective "read-brief" completed by Mail.Read
==============================================

==============================================
[04/09/2026, 22:42:01] [INFO]
----------------------------------------------
[RENDERER] [quest-editor] objective "identify-target" completed by Terminal.Lynx.Search
==============================================

==============================================
[04/09/2026, 22:42:01] [WARN]
----------------------------------------------
[RENDERER] [CompleteObjective] Objective "identify-target" already completed (in-memory) for quest CqkLnLxlgu
==============================================

==============================================
[04/09/2026, 22:42:27] [INFO]
----------------------------------------------
[RENDERER] [quest-editor] objective "find-server" completed by Terminal.Whois
==============================================

==============================================
[04/09/2026, 22:42:27] [WARN]
----------------------------------------------
[RENDERER] [CompleteObjective] Objective "find-server" already completed (in-memory) for quest CqkLnLxlgu
==============================================

==============================================
[04/09/2026, 22:42:35] [INFO]
----------------------------------------------
[RENDERER] [quest-editor] objective "scan-server" completed by Terminal.NmapScan
==============================================

==============================================
[04/09/2026, 22:42:35] [WARN]
----------------------------------------------
[RENDERER] [CompleteObjective] Objective "scan-server" already completed (in-memory) for quest CqkLnLxlgu
==============================================

==============================================
[04/09/2026, 22:43:13] [INFO]
----------------------------------------------
[RENDERER] [quest-editor] objective "get-in" completed by RemoteConnection.Established
==============================================

==============================================
[04/09/2026, 22:43:21] [INFO]
----------------------------------------------
[RENDERER] [quest-editor] objective "take-manifest" completed by Terminal.SSH.FileDownload
==============================================

==============================================
[04/09/2026, 22:43:21] [WARN]
----------------------------------------------
[RENDERER] [CompleteObjective] Objective "take-manifest" already completed (in-memory) for quest CqkLnLxlgu
==============================================

==============================================
[04/09/2026, 22:43:39] [INFO]
----------------------------------------------
[RENDERER] [quest-editor] mail "Received" sent via Mail.send
==============================================

==============================================
[04/09/2026, 22:43:39] [INFO]
----------------------------------------------
[RENDERER] [quest-editor] objective "send-manifest" completed by Mail.Sent
==============================================

==============================================
[04/09/2026, 22:43:39] [WARN]
----------------------------------------------
[RENDERER] [CompleteObjective] Objective "send-manifest" already completed (in-memory) for quest CqkLnLxlgu
==============================================

==============================================
[04/09/2026, 22:43:51] [INFO]
----------------------------------------------
[RENDERER] [quest-editor] OnComplete: starting
==============================================

==============================================
[04/09/2026, 22:43:51] [INFO]
----------------------------------------------
[RENDERER] [quest-editor] cleanup starting (complete): 2 item(s) to undo, leaving 1 network(s) standing
==============================================

==============================================
[04/09/2026, 22:43:51] [INFO]
----------------------------------------------
[RENDERER] [quest-editor] cleanup: commandData whois
==============================================

==============================================
[04/09/2026, 22:43:51] [INFO]
----------------------------------------------
[RENDERER] [quest-editor] cleanup: commandData lynx
==============================================

==============================================
[04/09/2026, 22:43:51] [INFO]
----------------------------------------------
[RENDERER] [quest-editor] cleanup finished
==============================================

==============================================
[04/09/2026, 22:43:51] [INFO]
----------------------------------------------
[RENDERER] [quest-editor] OnComplete: cleanup done, removing weechat servers
==============================================

==============================================
[04/09/2026, 22:43:51] [INFO]
----------------------------------------------
[RENDERER] [quest-editor] OnComplete: running end-of-quest nodes
==============================================

==============================================
[04/09/2026, 22:43:51] [INFO]
----------------------------------------------
[RENDERER] [quest-editor] OnComplete: finished, handing back to the game
==============================================

==============================================
  APPLICATION CLOSING
  Time: 04/09/2026, 22:44:23
==============================================

==============================================
  HACKHUB LOG FILE
  Started: 04/09/2026, 22:53:56
  Version: 1.1.2
  Platform: win32
  Arch: x64
==============================================


==============================================
[04/09/2026, 22:53:56] [INFO]
----------------------------------------------
Steamworks initalized: Zeis [ZF] - 76561197976480835
==============================================

==============================================
[04/09/2026, 22:53:56] [INFO]
----------------------------------------------
[WorkshopController] initialized with appId: 2980270
==============================================

==============================================
[04/09/2026, 22:53:57] [INFO]
----------------------------------------------
[RENDERER] [quest-editor] The Harbour Manifest v1.0.0 loaded (editor build 2026-09-04.r82).
==============================================

==============================================
[04/09/2026, 22:53:57] [INFO]
----------------------------------------------
[RENDERER] [Markdown Note Editor] Mod loaded.
==============================================

==============================================
[04/09/2026, 22:53:57] [INFO]
----------------------------------------------
[RENDERER] [nemesis-protocol-stage1] Nemesis Protocol loaded. The mission is waiting in the HackHub feed.
==============================================

==============================================
[04/09/2026, 22:53:57] [INFO]
----------------------------------------------
[RENDERER] Custom Browser mod loaded with ordered categories!
==============================================

==============================================
[04/09/2026, 22:53:57] [INFO]
----------------------------------------------
[RENDERER] RetroArcade v1.0.0 loaded!
==============================================

==============================================
[04/09/2026, 22:53:57] [INFO]
----------------------------------------------
[RENDERER] [darknet-tree] Darknet-Tree loaded! Check the App Store for NotePad.
==============================================

==============================================
[04/09/2026, 22:53:57] [INFO]
----------------------------------------------
[RENDERER] [synthetik-wallet] Synthetik Wallet loaded! Find it in the App Store.
==============================================

==============================================
[04/09/2026, 22:53:57] [INFO]
----------------------------------------------
[RENDERER] [GhostLink] v1.0.2 loaded
==============================================

==============================================
[04/09/2026, 22:53:57] [INFO]
----------------------------------------------
[RENDERER] [python-is-python3] Mod loaded! Run: apt-get install python-is-python3
==============================================

==============================================
[04/09/2026, 22:53:57] [INFO]
----------------------------------------------
[RENDERER] Lockchain Wallet mod loaded: websites, phone wallet, marketplace, miner, and isolated RPC registered.
==============================================

==============================================
[04/09/2026, 22:53:57] [INFO]
----------------------------------------------
[RENDERER] [Fishception] biological daemon loaded
==============================================

==============================================
[04/09/2026, 22:53:57] [INFO]
----------------------------------------------
[RENDERER] [Beginner Handbook+] Registered 109 handbook pages without title prefixes. Language: en.
==============================================

==============================================
[04/09/2026, 22:53:57] [INFO]
----------------------------------------------
[RENDERER] [vault-manager] Vault Manager loaded — password vault & sticky notes ready.
==============================================

==============================================
[04/09/2026, 22:53:58] [ERROR]
----------------------------------------------
(node:39312) [DEP0169] DeprecationWarning: `url.parse()` behavior is not standardized and prone to errors that have security implications. Use the WHATWG URL API instead. CVEs are not issued for `url.parse()` vulnerabilities.
(Use `Hackhub --trace-deprecation ...` to show where the warning was created)
==============================================

==============================================
[04/09/2026, 22:54:00] [WARN]
----------------------------------------------
[Network] POST https://gateway.hotbunny.dev/hackhub/auth/steam failed after 221ms: ERR_BAD_REQUEST Request failed with status code 429
==============================================

==============================================
[04/09/2026, 22:54:01] [WARN]
----------------------------------------------
[Network] POST https://gateway.hotbunny.dev/hackhub/auth/steam/challenge failed after 216ms: ERR_BAD_REQUEST Request failed with status code 429
==============================================

==============================================
[04/09/2026, 22:54:01] [WARN]
----------------------------------------------
[Network] POST https://gateway.hotbunny.dev/hackhub/auth/steam/challenge failed after 223ms: ERR_BAD_REQUEST Request failed with status code 429
==============================================

==============================================
[04/09/2026, 22:54:02] [WARN]
----------------------------------------------
[Network] POST https://gateway.hotbunny.dev/hackhub/auth/steam/challenge failed after 224ms: ERR_BAD_REQUEST Request failed with status code 429
==============================================

==============================================
[04/09/2026, 22:54:10] [WARN]
----------------------------------------------
[RENDERER] [CompleteObjective] Objective "open_email" already completed (in-memory) for quest pFjtJ795zG
==============================================

==============================================
[04/09/2026, 22:54:10] [WARN]
----------------------------------------------
[RENDERER] [CompleteObjective] Objective "open_bank" already completed (in-memory) for quest pFjtJ795zG
==============================================

==============================================
[04/09/2026, 22:54:10] [INFO]
----------------------------------------------
[RENDERER] [quest-editor] quest "HarbourEnorewards" started (1 entry point)
==============================================

==============================================
[04/09/2026, 22:54:10] [INFO]
----------------------------------------------
[RENDERER] [quest-editor] mail "One file, quietly" sent via Mail.send
==============================================

==============================================
[04/09/2026, 22:54:10] [INFO]
----------------------------------------------
[RENDERER] [quest-editor] quest "HarbourEnorewards" objectives started
==============================================

==============================================
[04/09/2026, 22:54:10] [INFO]
----------------------------------------------
[RENDERER] [quest-editor] objective "read-brief" is listening for Mail.Read
==============================================

==============================================
[04/09/2026, 22:54:10] [INFO]
----------------------------------------------
[RENDERER] [quest-editor] objective "identify-target" is listening for Terminal.Lynx.Search
==============================================

==============================================
[04/09/2026, 22:54:10] [INFO]
----------------------------------------------
[RENDERER] [quest-editor] objective "find-server" is listening for Terminal.Whois
==============================================

==============================================
[04/09/2026, 22:54:10] [INFO]
----------------------------------------------
[RENDERER] [quest-editor] objective "scan-server" is listening for Terminal.NmapScan
==============================================

==============================================
[04/09/2026, 22:54:10] [INFO]
----------------------------------------------
[RENDERER] [quest-editor] objective "get-in" is listening for Metasploit.Meterpreter.Connected, RemoteConnection.Established, Terminal.SSH.Connected
==============================================

==============================================
[04/09/2026, 22:54:10] [INFO]
----------------------------------------------
[RENDERER] [quest-editor] objective "take-manifest" is listening for Terminal.SSH.FileDownload
==============================================

==============================================
[04/09/2026, 22:54:10] [INFO]
----------------------------------------------
[RENDERER] [quest-editor] objective "send-manifest" is listening for Mail.Sent
==============================================

==============================================
[04/09/2026, 22:54:48] [INFO]
----------------------------------------------
[RENDERER] [quest-editor] objective "read-brief" completed by Mail.Read
==============================================

==============================================
[04/09/2026, 22:54:53] [INFO]
----------------------------------------------
[RENDERER] [quest-editor] objective "identify-target" completed by Terminal.Lynx.Search
==============================================

==============================================
[04/09/2026, 22:54:53] [WARN]
----------------------------------------------
[RENDERER] [CompleteObjective] Objective "identify-target" already completed (in-memory) for quest yHkjWGogpR
==============================================

==============================================
[04/09/2026, 22:55:24] [INFO]
----------------------------------------------
[RENDERER] [quest-editor] objective "find-server" completed by Terminal.Whois
==============================================

==============================================
[04/09/2026, 22:55:24] [WARN]
----------------------------------------------
[RENDERER] [CompleteObjective] Objective "find-server" already completed (in-memory) for quest yHkjWGogpR
==============================================

==============================================
[04/09/2026, 22:55:32] [INFO]
----------------------------------------------
[RENDERER] [quest-editor] objective "scan-server" completed by Terminal.NmapScan
==============================================

==============================================
[04/09/2026, 22:55:32] [WARN]
----------------------------------------------
[RENDERER] [CompleteObjective] Objective "scan-server" already completed (in-memory) for quest yHkjWGogpR
==============================================

==============================================
[04/09/2026, 22:56:14] [INFO]
----------------------------------------------
[RENDERER] [quest-editor] objective "get-in" completed by RemoteConnection.Established
==============================================

==============================================
[04/09/2026, 22:56:23] [INFO]
----------------------------------------------
[RENDERER] [quest-editor] objective "take-manifest" completed by Terminal.SSH.FileDownload
==============================================

==============================================
[04/09/2026, 22:56:23] [WARN]
----------------------------------------------
[RENDERER] [CompleteObjective] Objective "take-manifest" already completed (in-memory) for quest yHkjWGogpR
==============================================

==============================================
[04/09/2026, 22:56:38] [INFO]
----------------------------------------------
[RENDERER] [quest-editor] mail "Received" sent via Mail.send
==============================================

==============================================
[04/09/2026, 22:56:38] [INFO]
----------------------------------------------
[RENDERER] [quest-editor] OnComplete: starting
==============================================

==============================================
[04/09/2026, 22:56:38] [INFO]
----------------------------------------------
[RENDERER] [quest-editor] cleanup starting (complete): 2 item(s) to undo, leaving 1 network(s) standing
==============================================

==============================================
[04/09/2026, 22:56:38] [INFO]
----------------------------------------------
[RENDERER] [quest-editor] cleanup: commandData whois
==============================================

==============================================
[04/09/2026, 22:56:38] [INFO]
----------------------------------------------
[RENDERER] [quest-editor] cleanup: commandData lynx
==============================================

==============================================
[04/09/2026, 22:56:38] [INFO]
----------------------------------------------
[RENDERER] [quest-editor] cleanup finished
==============================================

==============================================
[04/09/2026, 22:56:38] [INFO]
----------------------------------------------
[RENDERER] [quest-editor] OnComplete: cleanup done, removing weechat servers
==============================================

==============================================
[04/09/2026, 22:56:38] [INFO]
----------------------------------------------
[RENDERER] [quest-editor] OnComplete: running end-of-quest nodes
==============================================

==============================================
[04/09/2026, 22:56:38] [INFO]
----------------------------------------------
[RENDERER] [quest-editor] OnComplete: finished, handing back to the game
==============================================

==============================================
[04/09/2026, 22:56:38] [INFO]
----------------------------------------------
[RENDERER] [quest-editor] objective "send-manifest" completed by Mail.Sent
==============================================

==============================================
[04/09/2026, 22:56:38] [WARN]
----------------------------------------------
[RENDERER] [CompleteObjective] Objective "send-manifest" already completed (in-memory) for quest yHkjWGogpR
==============================================

==============================================
  APPLICATION CLOSING
  Time: 04/09/2026, 22:56:51
==============================================

==============================================
  HACKHUB LOG FILE
  Started: 04/09/2026, 22:57:38
  Version: 1.1.2
  Platform: win32
  Arch: x64
==============================================


==============================================
[04/09/2026, 22:57:38] [INFO]
----------------------------------------------
Steamworks initalized: Zeis [ZF] - 76561197976480835
==============================================

==============================================
[04/09/2026, 22:57:38] [INFO]
----------------------------------------------
[WorkshopController] initialized with appId: 2980270
==============================================

==============================================
[04/09/2026, 22:57:39] [INFO]
----------------------------------------------
[RENDERER] [quest-editor] The Harbour Manifest v1.0.0 loaded (editor build 2026-09-04.r82).
==============================================

==============================================
[04/09/2026, 22:57:39] [INFO]
----------------------------------------------
[RENDERER] [Markdown Note Editor] Mod loaded.
==============================================

==============================================
[04/09/2026, 22:57:39] [INFO]
----------------------------------------------
[RENDERER] [nemesis-protocol-stage1] Nemesis Protocol loaded. The mission is waiting in the HackHub feed.
==============================================

==============================================
[04/09/2026, 22:57:39] [INFO]
----------------------------------------------
[RENDERER] Custom Browser mod loaded with ordered categories!
==============================================

==============================================
[04/09/2026, 22:57:39] [INFO]
----------------------------------------------
[RENDERER] RetroArcade v1.0.0 loaded!
==============================================

==============================================
[04/09/2026, 22:57:39] [INFO]
----------------------------------------------
[RENDERER] [darknet-tree] Darknet-Tree loaded! Check the App Store for NotePad.
==============================================

==============================================
[04/09/2026, 22:57:39] [INFO]
----------------------------------------------
[RENDERER] [synthetik-wallet] Synthetik Wallet loaded! Find it in the App Store.
==============================================

==============================================
[04/09/2026, 22:57:39] [INFO]
----------------------------------------------
[RENDERER] [GhostLink] v1.0.2 loaded
==============================================

==============================================
[04/09/2026, 22:57:39] [INFO]
----------------------------------------------
[RENDERER] [python-is-python3] Mod loaded! Run: apt-get install python-is-python3
==============================================

==============================================
[04/09/2026, 22:57:39] [INFO]
----------------------------------------------
[RENDERER] Lockchain Wallet mod loaded: websites, phone wallet, marketplace, miner, and isolated RPC registered.
==============================================

==============================================
[04/09/2026, 22:57:39] [INFO]
----------------------------------------------
[RENDERER] [Fishception] biological daemon loaded
==============================================

==============================================
[04/09/2026, 22:57:39] [INFO]
----------------------------------------------
[RENDERER] [Beginner Handbook+] Registered 109 handbook pages without title prefixes. Language: en.
==============================================

==============================================
[04/09/2026, 22:57:39] [INFO]
----------------------------------------------
[RENDERER] [vault-manager] Vault Manager loaded — password vault & sticky notes ready.
==============================================

==============================================
[04/09/2026, 22:57:39] [ERROR]
----------------------------------------------
(node:33884) [DEP0169] DeprecationWarning: `url.parse()` behavior is not standardized and prone to errors that have security implications. Use the WHATWG URL API instead. CVEs are not issued for `url.parse()` vulnerabilities.
(Use `Hackhub --trace-deprecation ...` to show where the warning was created)
==============================================

==============================================
[04/09/2026, 22:57:47] [WARN]
----------------------------------------------
[RENDERER] [CompleteObjective] Objective "open_email" already completed (in-memory) for quest pFjtJ795zG
==============================================

==============================================
[04/09/2026, 22:57:47] [WARN]
----------------------------------------------
[RENDERER] [CompleteObjective] Objective "open_bank" already completed (in-memory) for quest pFjtJ795zG
==============================================

==============================================
[04/09/2026, 22:57:47] [INFO]
----------------------------------------------
[RENDERER] [quest-editor] quest "HarbourFnemesisshape" started (1 entry point)
==============================================

==============================================
[04/09/2026, 22:57:47] [INFO]
----------------------------------------------
[RENDERER] [quest-editor] mail "One file, quietly" sent via Mail.send
==============================================

==============================================
[04/09/2026, 22:57:47] [INFO]
----------------------------------------------
[RENDERER] [quest-editor] quest "HarbourFnemesisshape" objectives started
==============================================

==============================================
[04/09/2026, 22:57:47] [INFO]
----------------------------------------------
[RENDERER] [quest-editor] objective "read-brief" is listening for Mail.Read
==============================================

==============================================
[04/09/2026, 22:57:47] [INFO]
----------------------------------------------
[RENDERER] [quest-editor] objective "identify-target" is listening for Terminal.Lynx.Search
==============================================

==============================================
[04/09/2026, 22:57:47] [INFO]
----------------------------------------------
[RENDERER] [quest-editor] objective "find-server" is listening for Terminal.Whois
==============================================

==============================================
[04/09/2026, 22:57:47] [INFO]
----------------------------------------------
[RENDERER] [quest-editor] objective "scan-server" is listening for Terminal.NmapScan
==============================================

==============================================
[04/09/2026, 22:57:47] [INFO]
----------------------------------------------
[RENDERER] [quest-editor] objective "get-in" is listening for Metasploit.Meterpreter.Connected, RemoteConnection.Established, Terminal.SSH.Connected
==============================================

==============================================
[04/09/2026, 22:57:47] [INFO]
----------------------------------------------
[RENDERER] [quest-editor] objective "take-manifest" is listening for Terminal.SSH.FileDownload
==============================================

==============================================
[04/09/2026, 22:57:47] [INFO]
----------------------------------------------
[RENDERER] [quest-editor] objective "send-manifest" is listening for Mail.Sent
==============================================

==============================================
[04/09/2026, 22:58:42] [INFO]
----------------------------------------------
[RENDERER] [quest-editor] objective "read-brief" completed by Mail.Read
==============================================

==============================================
[04/09/2026, 22:58:46] [INFO]
----------------------------------------------
[RENDERER] [quest-editor] objective "identify-target" completed by Terminal.Lynx.Search
==============================================

==============================================
[04/09/2026, 22:58:46] [WARN]
----------------------------------------------
[RENDERER] [CompleteObjective] Objective "identify-target" already completed (in-memory) for quest hz1F1dbNya
==============================================

==============================================
[04/09/2026, 22:59:11] [INFO]
----------------------------------------------
[RENDERER] [quest-editor] objective "find-server" completed by Terminal.Whois
==============================================

==============================================
[04/09/2026, 22:59:11] [WARN]
----------------------------------------------
[RENDERER] [CompleteObjective] Objective "find-server" already completed (in-memory) for quest hz1F1dbNya
==============================================

==============================================
[04/09/2026, 22:59:20] [INFO]
----------------------------------------------
[RENDERER] [quest-editor] objective "scan-server" completed by Terminal.NmapScan
==============================================

==============================================
[04/09/2026, 22:59:20] [WARN]
----------------------------------------------
[RENDERER] [CompleteObjective] Objective "scan-server" already completed (in-memory) for quest hz1F1dbNya
==============================================

==============================================
[04/09/2026, 22:59:51] [INFO]
----------------------------------------------
[RENDERER] [quest-editor] objective "get-in" completed by RemoteConnection.Established
==============================================

==============================================
[04/09/2026, 22:59:58] [INFO]
----------------------------------------------
[RENDERER] [quest-editor] objective "take-manifest" completed by Terminal.SSH.FileDownload
==============================================

==============================================
[04/09/2026, 22:59:58] [WARN]
----------------------------------------------
[RENDERER] [CompleteObjective] Objective "take-manifest" already completed (in-memory) for quest hz1F1dbNya
==============================================

==============================================
[04/09/2026, 23:00:15] [INFO]
----------------------------------------------
[RENDERER] [quest-editor] mail "Received" sent via Mail.send
==============================================

==============================================
[04/09/2026, 23:00:15] [INFO]
----------------------------------------------
[RENDERER] [quest-editor] OnComplete: starting
==============================================

==============================================
[04/09/2026, 23:00:15] [INFO]
----------------------------------------------
[RENDERER] [quest-editor] cleanup starting (complete): 2 item(s) to undo, leaving 1 network(s) standing
==============================================

==============================================
[04/09/2026, 23:00:15] [INFO]
----------------------------------------------
[RENDERER] [quest-editor] cleanup: commandData whois
==============================================

==============================================
[04/09/2026, 23:00:15] [INFO]
----------------------------------------------
[RENDERER] [quest-editor] cleanup: commandData lynx
==============================================

==============================================
[04/09/2026, 23:00:15] [INFO]
----------------------------------------------
[RENDERER] [quest-editor] cleanup finished
==============================================

==============================================
[04/09/2026, 23:00:15] [INFO]
----------------------------------------------
[RENDERER] [quest-editor] OnComplete: cleanup done, removing weechat servers
==============================================

==============================================
[04/09/2026, 23:00:15] [INFO]
----------------------------------------------
[RENDERER] [quest-editor] OnComplete: running end-of-quest nodes
==============================================

==============================================
[04/09/2026, 23:00:15] [INFO]
----------------------------------------------
[RENDERER] [quest-editor] OnComplete: finished, handing back to the game
==============================================

==============================================
[04/09/2026, 23:00:15] [INFO]
----------------------------------------------
[RENDERER] [quest-editor] objective "send-manifest" completed by Mail.Sent
==============================================

==============================================
[04/09/2026, 23:00:15] [WARN]
----------------------------------------------
[RENDERER] [CompleteObjective] Objective "send-manifest" already completed (in-memory) for quest hz1F1dbNya
==============================================

==============================================
  APPLICATION CLOSING
  Time: 04/09/2026, 23:00:30
==============================================

==============================================
  HACKHUB LOG FILE
  Started: 04/09/2026, 23:01:29
  Version: 1.1.2
  Platform: win32
  Arch: x64
==============================================


==============================================
[04/09/2026, 23:01:29] [INFO]
----------------------------------------------
Steamworks initalized: Zeis [ZF] - 76561197976480835
==============================================

==============================================
[04/09/2026, 23:01:29] [INFO]
----------------------------------------------
[WorkshopController] initialized with appId: 2980270
==============================================

==============================================
[04/09/2026, 23:01:29] [INFO]
----------------------------------------------
[RENDERER] [quest-editor] The Harbour Manifest v1.0.0 loaded (editor build 2026-09-04.r82).
==============================================

==============================================
[04/09/2026, 23:01:29] [INFO]
----------------------------------------------
[RENDERER] [Markdown Note Editor] Mod loaded.
==============================================

==============================================
[04/09/2026, 23:01:29] [INFO]
----------------------------------------------
[RENDERER] [nemesis-protocol-stage1] Nemesis Protocol loaded. The mission is waiting in the HackHub feed.
==============================================

==============================================
[04/09/2026, 23:01:29] [INFO]
----------------------------------------------
[RENDERER] Custom Browser mod loaded with ordered categories!
==============================================

==============================================
[04/09/2026, 23:01:29] [INFO]
----------------------------------------------
[RENDERER] RetroArcade v1.0.0 loaded!
==============================================

==============================================
[04/09/2026, 23:01:29] [INFO]
----------------------------------------------
[RENDERER] [darknet-tree] Darknet-Tree loaded! Check the App Store for NotePad.
==============================================

==============================================
[04/09/2026, 23:01:29] [INFO]
----------------------------------------------
[RENDERER] [synthetik-wallet] Synthetik Wallet loaded! Find it in the App Store.
==============================================

==============================================
[04/09/2026, 23:01:29] [INFO]
----------------------------------------------
[RENDERER] [GhostLink] v1.0.2 loaded
==============================================

==============================================
[04/09/2026, 23:01:29] [INFO]
----------------------------------------------
[RENDERER] [python-is-python3] Mod loaded! Run: apt-get install python-is-python3
==============================================

==============================================
[04/09/2026, 23:01:29] [INFO]
----------------------------------------------
[RENDERER] Lockchain Wallet mod loaded: websites, phone wallet, marketplace, miner, and isolated RPC registered.
==============================================

==============================================
[04/09/2026, 23:01:29] [INFO]
----------------------------------------------
[RENDERER] [Fishception] biological daemon loaded
==============================================

==============================================
[04/09/2026, 23:01:29] [INFO]
----------------------------------------------
[RENDERER] [Beginner Handbook+] Registered 109 handbook pages without title prefixes. Language: en.
==============================================

==============================================
[04/09/2026, 23:01:29] [INFO]
----------------------------------------------
[RENDERER] [vault-manager] Vault Manager loaded — password vault & sticky notes ready.
==============================================

==============================================
[04/09/2026, 23:01:30] [ERROR]
----------------------------------------------
(node:30792) [DEP0169] DeprecationWarning: `url.parse()` behavior is not standardized and prone to errors that have security implications. Use the WHATWG URL API instead. CVEs are not issued for `url.parse()` vulnerabilities.
(Use `Hackhub --trace-deprecation ...` to show where the warning was created)
==============================================

==============================================
[04/09/2026, 23:01:37] [WARN]
----------------------------------------------
[RENDERER] [CompleteObjective] Objective "open_email" already completed (in-memory) for quest pFjtJ795zG
==============================================

==============================================
[04/09/2026, 23:01:37] [WARN]
----------------------------------------------
[RENDERER] [CompleteObjective] Objective "open_bank" already completed (in-memory) for quest pFjtJ795zG
==============================================

==============================================
[04/09/2026, 23:01:37] [INFO]
----------------------------------------------
[RENDERER] [quest-editor] quest "HarbourGmaxclaimonly" started (1 entry point)
==============================================

==============================================
[04/09/2026, 23:01:37] [INFO]
----------------------------------------------
[RENDERER] [quest-editor] mail "One file, quietly" sent via Mail.send
==============================================

==============================================
[04/09/2026, 23:01:37] [INFO]
----------------------------------------------
[RENDERER] [quest-editor] quest "HarbourGmaxclaimonly" objectives started
==============================================

==============================================
[04/09/2026, 23:01:37] [INFO]
----------------------------------------------
[RENDERER] [quest-editor] objective "read-brief" is listening for Mail.Read
==============================================

==============================================
[04/09/2026, 23:01:37] [INFO]
----------------------------------------------
[RENDERER] [quest-editor] objective "identify-target" is listening for Terminal.Lynx.Search
==============================================

==============================================
[04/09/2026, 23:01:37] [INFO]
----------------------------------------------
[RENDERER] [quest-editor] objective "find-server" is listening for Terminal.Whois
==============================================

==============================================
[04/09/2026, 23:01:37] [INFO]
----------------------------------------------
[RENDERER] [quest-editor] objective "scan-server" is listening for Terminal.NmapScan
==============================================

==============================================
[04/09/2026, 23:01:37] [INFO]
----------------------------------------------
[RENDERER] [quest-editor] objective "get-in" is listening for Metasploit.Meterpreter.Connected, RemoteConnection.Established, Terminal.SSH.Connected
==============================================

==============================================
[04/09/2026, 23:01:37] [INFO]
----------------------------------------------
[RENDERER] [quest-editor] objective "take-manifest" is listening for Terminal.SSH.FileDownload
==============================================

==============================================
[04/09/2026, 23:01:37] [INFO]
----------------------------------------------
[RENDERER] [quest-editor] objective "send-manifest" is listening for Mail.Sent
==============================================

==============================================
[04/09/2026, 23:02:06] [INFO]
----------------------------------------------
[RENDERER] [quest-editor] objective "read-brief" completed by Mail.Read
==============================================

==============================================
[04/09/2026, 23:02:10] [INFO]
----------------------------------------------
[RENDERER] [quest-editor] objective "identify-target" completed by Terminal.Lynx.Search
==============================================

==============================================
[04/09/2026, 23:02:10] [WARN]
----------------------------------------------
[RENDERER] [CompleteObjective] Objective "identify-target" already completed (in-memory) for quest lwWjzL1Q7O
==============================================

==============================================
[04/09/2026, 23:02:37] [INFO]
----------------------------------------------
[RENDERER] [quest-editor] objective "find-server" completed by Terminal.Whois
==============================================

==============================================
[04/09/2026, 23:02:37] [WARN]
----------------------------------------------
[RENDERER] [CompleteObjective] Objective "find-server" already completed (in-memory) for quest lwWjzL1Q7O
==============================================

==============================================
[04/09/2026, 23:02:45] [INFO]
----------------------------------------------
[RENDERER] [quest-editor] objective "scan-server" completed by Terminal.NmapScan
==============================================

==============================================
[04/09/2026, 23:02:45] [WARN]
----------------------------------------------
[RENDERER] [CompleteObjective] Objective "scan-server" already completed (in-memory) for quest lwWjzL1Q7O
==============================================

==============================================
[04/09/2026, 23:03:15] [INFO]
----------------------------------------------
[RENDERER] [quest-editor] objective "get-in" completed by RemoteConnection.Established
==============================================

==============================================
[04/09/2026, 23:03:20] [INFO]
----------------------------------------------
[RENDERER] [quest-editor] objective "take-manifest" completed by Terminal.SSH.FileDownload
==============================================

==============================================
[04/09/2026, 23:03:20] [WARN]
----------------------------------------------
[RENDERER] [CompleteObjective] Objective "take-manifest" already completed (in-memory) for quest lwWjzL1Q7O
==============================================

==============================================
[04/09/2026, 23:03:38] [INFO]
----------------------------------------------
[RENDERER] [quest-editor] mail "Received" sent via Mail.send
==============================================

==============================================
[04/09/2026, 23:03:38] [INFO]
----------------------------------------------
[RENDERER] [quest-editor] OnComplete: starting
==============================================

==============================================
[04/09/2026, 23:03:38] [INFO]
----------------------------------------------
[RENDERER] [quest-editor] cleanup starting (complete): 2 item(s) to undo, leaving 1 network(s) standing
==============================================

==============================================
[04/09/2026, 23:03:38] [INFO]
----------------------------------------------
[RENDERER] [quest-editor] cleanup: commandData whois
==============================================

==============================================
[04/09/2026, 23:03:38] [INFO]
----------------------------------------------
[RENDERER] [quest-editor] cleanup: commandData lynx
==============================================

==============================================
[04/09/2026, 23:03:38] [INFO]
----------------------------------------------
[RENDERER] [quest-editor] cleanup finished
==============================================

==============================================
[04/09/2026, 23:03:38] [INFO]
----------------------------------------------
[RENDERER] [quest-editor] OnComplete: cleanup done, removing weechat servers
==============================================

==============================================
[04/09/2026, 23:03:38] [INFO]
----------------------------------------------
[RENDERER] [quest-editor] OnComplete: running end-of-quest nodes
==============================================

==============================================
[04/09/2026, 23:03:38] [INFO]
----------------------------------------------
[RENDERER] [quest-editor] OnComplete: finished, handing back to the game
==============================================

==============================================
[04/09/2026, 23:03:38] [INFO]
----------------------------------------------
[RENDERER] [quest-editor] objective "send-manifest" completed by Mail.Sent
==============================================

==============================================
[04/09/2026, 23:03:38] [WARN]
----------------------------------------------
[RENDERER] [CompleteObjective] Objective "send-manifest" already completed (in-memory) for quest lwWjzL1Q7O
==============================================

==============================================
  APPLICATION CLOSING
  Time: 04/09/2026, 23:03:54
==============================================
